source_row_index,summary_id,subject_id,hadm_id,charttime,generated_text,prompt,model_used,created_at
83,84,93,160481.0,2128-03-22 11:40:00,"- Anion Gap: 19.0 mEq/L - Appears within the expected range for acid-base balance.
- Bicarbonate: 22.0 mEq/L - Appears within the expected range for acid-base balance.
- Chloride: 102.0 mEq/L - Appears within the expected range for fluid balance.
- Creatinine: 0.9 mg/dL - May reflect a change in kidney function.
- Potassium: 4.5 mEq/L - Appears within the expected range for heart function.
- Sodium: 138.0 mEq/L - Appears within the expected range for fluid balance.
- Triglycerides: 81.0 mg/dL - Appears within the expected range for fat metabolism.
- Urea Nitrogen: 52.0 mg/dL - May reflect a change in kidney function or dehydration.
- Basophils: 1.0 % - Appears within the expected range for immune response.
- Hematocrit: 27.9 % - May reflect a lower amount of red blood cells.
- Hemoglobin: 9.5 g/dL - May reflect a lower amount of oxygen-carrying protein in the blood.
- Lymphocytes: 15.0 % - May reflect an immune response, such as infection or inflammation.
- MCH: 37.5 pg - May reflect a change in red blood cell size or hemoglobin content.
- MCHC: 34.0 % - Appears within the expected range for red blood cell hemoglobin content.
- MCV: 110.0 fL - May reflect larger-than-normal red blood cells.
- Monocytes: 9.0 % - Appears within the expected range for immune response.
- Neutrophils: 74.0 % - May reflect an immune response, such as infection or inflammation.
- Other Cells: 1.0 % - May reflect an abnormal immune response.
- Platelet Count: 347.0 K/uL - Appears within the expected range for blood clotting.
- RDW: 16.4 % - May reflect a variation in red blood cell size.
- Red Blood Cells: 2.53 m/uL - May reflect a lower amount of red blood cells.
- White Blood Cells: 36.5 K/uL - May reflect an immune response, such as infection or inflammation.

General Overview: The results show a pattern of possible kidney function changes, immune response, and variations in red blood cell size and count, which may require further evaluation.","You are writing patient-friendly explanations of laboratory test results.


Patient information:
- Sex: Female

Task:
For each blood test result, write exactly one very short sentence explaining what this result may suggest in the body.

Return the answer in exactly this format:

- Test Name: value unit - one short explanation.
- Test Name: value unit - one short explanation.

General Overview: one short paragraph summarizing the overall pattern.

Strict rules:
- Use one bullet line per test.
- Keep the tests in the same order as the input.
- Each bullet must follow exactly this pattern:
  - Test Name: value unit - Explanation.
- Include the test name, value, and unit exactly as given.
- Write only one sentence after the dash.
- Keep each explanation under 18 words.
- Use simple language for a non-medical reader.
- Use cautious wording such as ""may suggest"", ""can suggest"", ""may reflect"", or ""appears"".
- If the result is normal, say what body function appears generally within the expected range.
- If the result is abnormal, explain the possible body system involved.
- Do not diagnose diseases.
- Do not recommend treatment.
- Do not say the body ""is"" damaged, failing, or diseased.
- End with exactly one paragraph starting with:
  General Overview:
- Do not add any other headers, numbering, markdown tables, or extra text.

Example output style:
- Hemoglobin: 10.5 g/dL - May reflect a lower amount of oxygen-carrying protein in the blood.
- White Blood Cells: 12.0 K/uL - Can suggest an immune response, such as infection or inflammation.

General Overview: The results show ...

BLOOD TEST RESULTS:

- Anion Gap: 19.0 mEq/L [normal]
- Bicarbonate: 22.0 mEq/L [normal]
- Chloride: 102.0 mEq/L [normal]
- Creatinine: 0.9 mg/dL [abnormal]
- Potassium: 4.5 mEq/L [normal]
- Sodium: 138.0 mEq/L [normal]
- Triglycerides: 81.0 mg/dL [normal]
- Urea Nitrogen: 52.0 mg/dL [abnormal]
- Basophils: 1.0 % [normal]
- Hematocrit: 27.9 % [abnormal]
- Hemoglobin: 9.5 g/dL [abnormal]
- Lymphocytes: 15.0 % [abnormal]
- MCH: 37.5 pg [abnormal]
- MCHC: 34.0 % [normal]
- MCV: 110.0 fL [abnormal]
- Monocytes: 9.0 % [normal]
- Neutrophils: 74.0 % [abnormal]
- Other Cells: 1.0 % [abnormal]
- Platelet Count: 347.0 K/uL [normal]
- RDW: 16.4 % [abnormal]
- Red Blood Cells: 2.53 m/uL [abnormal]
- White Blood Cells: 36.5 K/uL [abnormal]",meta/llama-3.1-70b-instruct,2026-05-23 20:12:25.009412
53,54,61,189535.0,2119-01-27 00:01:00,"- Alanine Aminotransferase (ALT): 76.0 IU/L - May reflect liver damage or inflammation.
- Alkaline Phosphatase: 340.0 IU/L - Can suggest bone or liver issues.
- Anion Gap: 8.0 mEq/L - Appears within the expected range for acid-base balance.
- Asparate Aminotransferase (AST): 51.0 IU/L - May reflect liver or muscle damage.
- Bicarbonate: 30.0 mEq/L - May suggest an imbalance in acid-base levels.
- Bilirubin, Total: 0.8 mg/dL - Appears within the expected range for liver function.
- Calcium, Total: 7.4 mg/dL - May reflect issues with bone or parathyroid function.
- Chloride: 112.0 mEq/L - May suggest an imbalance in fluid levels.
- Creatinine: 0.2 mg/dL - May reflect issues with kidney function.
- Glucose: 165.0 mg/dL - May suggest issues with blood sugar regulation.
- Lactate Dehydrogenase (LD): 634.0 IU/L - May reflect tissue damage or disease.
- Magnesium: 1.8 mg/dL - Appears within the expected range for muscle and nerve function.
- Phosphate: 2.2 mg/dL - May reflect issues with bone or kidney function.
- Potassium: 3.0 mEq/L - May suggest issues with heart or muscle function.
- Sodium: 147.0 mEq/L - May reflect issues with fluid balance.
- Triglycerides: 324.0 mg/dL - May suggest issues with fat metabolism.
- Urea Nitrogen: 25.0 mg/dL - May reflect issues with kidney function.
- Fibrinogen, Functional: 145.0 mg/dL - May suggest issues with blood clotting.
- Granulocyte Count: 20.0 #/uL - May reflect an immune response.
- Hematocrit: 21.3 % - May reflect issues with red blood cell production.
- Hemoglobin: 7.3 g/dL - May reflect a lower amount of oxygen-carrying protein in the blood.
- INR(PT): 0.8 no unit - Appears within the expected range for blood clotting.
- MCH: 29.0 pg - Appears within the expected range for red blood cell size.
- MCHC: 34.1 % - Appears within the expected range for red blood cell hemoglobin.
- MCV: 85.0 fL - Appears within the expected range for red blood cell size.
- Platelet Count: 8.0 K/uL - May reflect issues with blood clotting.
- PT: 11.5 sec - May suggest issues with blood clotting.
- PTT: 27.2 sec - Appears within the expected range for blood clotting.
- RDW: 16.8 % - May reflect issues with red blood cell production.
- Red Blood Cells: 2.5 m/uL - May reflect issues with red blood cell production.
- White Blood Cells: 0.1 K/uL - May reflect issues with immune function.

General Overview: The results show multiple abnormalities in various body systems, including liver, kidney, and blood functions, which may suggest underlying health issues.","You are writing patient-friendly explanations of laboratory test results.


Patient information:
- Sex: Male

Task:
For each blood test result, write exactly one very short sentence explaining what this result may suggest in the body.

Return the answer in exactly this format:

- Test Name: value unit - one short explanation.
- Test Name: value unit - one short explanation.

General Overview: one short paragraph summarizing the overall pattern.

Strict rules:
- Use one bullet line per test.
- Keep the tests in the same order as the input.
- Each bullet must follow exactly this pattern:
  - Test Name: value unit - Explanation.
- Include the test name, value, and unit exactly as given.
- Write only one sentence after the dash.
- Keep each explanation under 18 words.
- Use simple language for a non-medical reader.
- Use cautious wording such as ""may suggest"", ""can suggest"", ""may reflect"", or ""appears"".
- If the result is normal, say what body function appears generally within the expected range.
- If the result is abnormal, explain the possible body system involved.
- Do not diagnose diseases.
- Do not recommend treatment.
- Do not say the body ""is"" damaged, failing, or diseased.
- End with exactly one paragraph starting with:
  General Overview:
- Do not add any other headers, numbering, markdown tables, or extra text.

Example output style:
- Hemoglobin: 10.5 g/dL - May reflect a lower amount of oxygen-carrying protein in the blood.
- White Blood Cells: 12.0 K/uL - Can suggest an immune response, such as infection or inflammation.

General Overview: The results show ...

BLOOD TEST RESULTS:

- Alanine Aminotransferase (ALT): 76.0 IU/L [abnormal]
- Alkaline Phosphatase: 340.0 IU/L [abnormal]
- Anion Gap: 8.0 mEq/L [normal]
- Asparate Aminotransferase (AST): 51.0 IU/L [abnormal]
- Bicarbonate: 30.0 mEq/L [abnormal]
- Bilirubin, Total: 0.8 mg/dL [normal]
- Calcium, Total: 7.4 mg/dL [abnormal]
- Chloride: 112.0 mEq/L [abnormal]
- Creatinine: 0.2 mg/dL [abnormal]
- Glucose: 165.0 mg/dL [abnormal]
- Lactate Dehydrogenase (LD): 634.0 IU/L [abnormal]
- Magnesium: 1.8 mg/dL [normal]
- Phosphate: 2.2 mg/dL [abnormal]
- Potassium: 3.0 mEq/L [abnormal]
- Sodium: 147.0 mEq/L [abnormal]
- Triglycerides: 324.0 mg/dL [abnormal]
- Urea Nitrogen: 25.0 mg/dL [abnormal]
- Fibrinogen, Functional: 145.0 mg/dL [abnormal]
- Granulocyte Count: 20.0 #/uL [abnormal]
- Hematocrit: 21.3 % [abnormal]
- Hemoglobin: 7.3 g/dL [abnormal]
- INR(PT): 0.8 no unit [normal]
- MCH: 29.0 pg [normal]
- MCHC: 34.1 % [normal]
- MCV: 85.0 fL [normal]
- Platelet Count: 8.0 K/uL [abnormal]
- PT: 11.5 sec [abnormal]
- PTT: 27.2 sec [normal]
- RDW: 16.8 % [abnormal]
- Red Blood Cells: 2.5 m/uL [abnormal]
- White Blood Cells: 0.1 K/uL [abnormal]",meta/llama-3.1-70b-instruct,2026-05-23 19:42:20.082360
70,71,79,181542.0,2175-09-26 01:45:00,"- Alanine Aminotransferase (ALT): 42.0 IU/L - May reflect liver stress or damage.
- Albumin: 3.7 g/dL - Appears generally within the expected range for liver function.
- Alkaline Phosphatase: 87.0 IU/L - Appears generally within the expected range for bone and liver function.
- Amylase: 43.0 IU/L - Appears generally within the expected range for pancreas function.
- Anion Gap: 13.0 mEq/L - Appears generally within the expected range for acid-base balance.
- Asparate Aminotransferase (AST): 192.0 IU/L - May reflect liver stress or damage.
- Bicarbonate: 23.0 mEq/L - Appears generally within the expected range for acid-base balance.
- Bilirubin, Total: 0.6 mg/dL - Appears generally within the expected range for liver function.
- Calcium, Total: 8.0 mg/dL - May reflect an imbalance in bone metabolism.
- Chloride: 107.0 mEq/L - Appears generally within the expected range for fluid balance.
- Cholesterol Ratio (Total/HDL): 4.0 Ratio - Appears generally within the expected range for heart health.
- Cholesterol, HDL: 41.0 mg/dL - Appears generally within the expected range for heart health.
- Cholesterol, LDL, Calculated: 101.0 mg/dL - Appears generally within the expected range for heart health.
- Cholesterol, Total: 164.0 mg/dL - Appears generally within the expected range for heart health.
- CK-MB Index: 17.7 % - May reflect heart muscle stress or damage.
- Creatine Kinase (CK): 2566.0 IU/L - May reflect muscle stress or damage.
- Creatine Kinase, MB Isoenzyme: 454.0 ng/mL - May reflect heart muscle stress or damage.
- Creatinine: 0.8 mg/dL - Appears generally within the expected range for kidney function.
- Glucose: 140.0 mg/dL - May reflect an imbalance in blood sugar regulation.
- Lactate Dehydrogenase (LD): 463.0 IU/L - May reflect tissue stress or damage.
- Lipase: 23.0 IU/L - Appears generally within the expected range for pancreas function.
- Magnesium: 1.6 mg/dL - Appears generally within the expected range for muscle and nerve function.
- Phosphate: 2.2 mg/dL - May reflect an imbalance in bone metabolism.
- Potassium: 3.9 mEq/L - Appears generally within the expected range for heart function.
- Sodium: 139.0 mEq/L - Appears generally within the expected range for fluid balance.
- Triglycerides: 110.0 mg/dL - Appears generally within the expected range for heart health.
- Troponin T: 7.88 ng/ml - May reflect heart muscle stress or damage.
- Urea Nitrogen: 14.0 mg/dL - Appears generally within the expected range for kidney function.
- Hematocrit: 38.8 % - May reflect a lower amount of red blood cells.
- Hemoglobin: 13.4 g/dL - May reflect a lower amount of oxygen-carrying protein in the blood.
- MCH: 31.3 pg - Appears generally within the expected range for red blood cell health.
- MCHC: 34.6 % - Appears generally within the expected range for red blood cell health.
- MCV: 90.0 fL - Appears generally within the expected range for red blood cell health.
- Platelet Count: 238.0 K/uL - Appears generally within the expected range for blood clotting.
- RDW: 12.6 % - Appears generally within the expected range for red blood cell health.
- Red Blood Cells: 4.29 m/uL - May reflect a lower amount of red blood cells.
- White Blood Cells: 15.1 K/uL - Can suggest an immune response, such as infection or inflammation.

General Overview: The results show signs of possible liver stress or damage, heart muscle stress or damage, and an imbalance in blood sugar regulation, as well as a lower amount of red blood cells and oxygen-carrying protein in the blood.","You are writing patient-friendly explanations of laboratory test results.


Patient information:
- Sex: Male

Task:
For each blood test result, write exactly one very short sentence explaining what this result may suggest in the body.

Return the answer in exactly this format:

- Test Name: value unit - one short explanation.
- Test Name: value unit - one short explanation.

General Overview: one short paragraph summarizing the overall pattern.

Strict rules:
- Use one bullet line per test.
- Keep the tests in the same order as the input.
- Each bullet must follow exactly this pattern:
  - Test Name: value unit - Explanation.
- Include the test name, value, and unit exactly as given.
- Write only one sentence after the dash.
- Keep each explanation under 18 words.
- Use simple language for a non-medical reader.
- Use cautious wording such as ""may suggest"", ""can suggest"", ""may reflect"", or ""appears"".
- If the result is normal, say what body function appears generally within the expected range.
- If the result is abnormal, explain the possible body system involved.
- Do not diagnose diseases.
- Do not recommend treatment.
- Do not say the body ""is"" damaged, failing, or diseased.
- End with exactly one paragraph starting with:
  General Overview:
- Do not add any other headers, numbering, markdown tables, or extra text.

Example output style:
- Hemoglobin: 10.5 g/dL - May reflect a lower amount of oxygen-carrying protein in the blood.
- White Blood Cells: 12.0 K/uL - Can suggest an immune response, such as infection or inflammation.

General Overview: The results show ...

BLOOD TEST RESULTS:

- Alanine Aminotransferase (ALT): 42.0 IU/L [abnormal]
- Albumin: 3.7 g/dL [normal]
- Alkaline Phosphatase: 87.0 IU/L [normal]
- Amylase: 43.0 IU/L [normal]
- Anion Gap: 13.0 mEq/L [normal]
- Asparate Aminotransferase (AST): 192.0 IU/L [abnormal]
- Bicarbonate: 23.0 mEq/L [normal]
- Bilirubin, Total: 0.6 mg/dL [normal]
- Calcium, Total: 8.0 mg/dL [abnormal]
- Chloride: 107.0 mEq/L [normal]
- Cholesterol Ratio (Total/HDL): 4.0 Ratio [normal]
- Cholesterol, HDL: 41.0 mg/dL [normal]
- Cholesterol, LDL, Calculated: 101.0 mg/dL [normal]
- Cholesterol, Total: 164.0 mg/dL [normal]
- CK-MB Index: 17.7 % [abnormal]
- Creatine Kinase (CK): 2566.0 IU/L [abnormal]
- Creatine Kinase, MB Isoenzyme: 454.0 ng/mL [abnormal]
- Creatinine: 0.8 mg/dL [normal]
- Glucose: 140.0 mg/dL [abnormal]
- Lactate Dehydrogenase (LD): 463.0 IU/L [abnormal]
- Lipase: 23.0 IU/L [normal]
- Magnesium: 1.6 mg/dL [normal]
- Phosphate: 2.2 mg/dL [abnormal]
- Potassium: 3.9 mEq/L [normal]
- Sodium: 139.0 mEq/L [normal]
- Triglycerides: 110.0 mg/dL [normal]
- Troponin T: 7.88 ng/ml [abnormal]
- Urea Nitrogen: 14.0 mg/dL [normal]
- Hematocrit: 38.8 % [abnormal]
- Hemoglobin: 13.4 g/dL [abnormal]
- MCH: 31.3 pg [normal]
- MCHC: 34.6 % [normal]
- MCV: 90.0 fL [normal]
- Platelet Count: 238.0 K/uL [normal]
- RDW: 12.6 % [normal]
- Red Blood Cells: 4.29 m/uL [abnormal]
- White Blood Cells: 15.1 K/uL [abnormal]",meta/llama-3.1-70b-instruct,2026-05-23 20:00:43.867304
45,46,53,155385.0,2170-03-21 03:00:00,"- Anion Gap: 16.0 mEq/L - Appears within the expected range for acid-base balance.
- Bicarbonate: 20.0 mEq/L - May reflect a lower level of this important electrolyte.
- Chloride: 104.0 mEq/L - Appears within the expected range for fluid balance.
- Cholesterol Ratio (Total/HDL): 4.9 Ratio - Appears within the expected range for heart health.
- Cholesterol, HDL: 51.0 mg/dL - Appears within the expected range for heart health.
- Cholesterol, LDL, Calculated: 163.0 mg/dL - May suggest a higher level of ""bad"" cholesterol.
- Cholesterol, Total: 251.0 mg/dL - May suggest a higher level of total cholesterol.
- CK-MB Index: 3.0 % - Appears within the expected range for heart muscle function.
- Creatine Kinase (CK): 3869.0 IU/L - May reflect muscle damage or stress.
- Creatine Kinase, MB Isoenzyme: 118.0 ng/mL - May reflect heart muscle damage or stress.
- Creatinine: 0.8 mg/dL - Appears within the expected range for kidney function.
- Glucose: 100.0 mg/dL - Appears within the expected range for blood sugar control.
- Magnesium: 2.3 mg/dL - Appears within the expected range for muscle and nerve function.
- Potassium: 4.1 mEq/L - Appears within the expected range for heart function.
- Sodium: 136.0 mEq/L - Appears within the expected range for fluid balance.
- Triglycerides: 187.0 mg/dL - May suggest a higher level of triglycerides.
- Troponin T: 2.34 ng/ml - May reflect heart muscle damage.
- Urea Nitrogen: 15.0 mg/dL - Appears within the expected range for kidney function.
- Hematocrit: 41.6 % - Appears within the expected range for red blood cell production.
- Hemoglobin: 14.2 g/dL - Appears within the expected range for oxygen-carrying protein.
- MCH: 29.8 pg - Appears within the expected range for red blood cell production.
- MCHC: 34.1 % - Appears within the expected range for red blood cell production.
- MCV: 88.0 fL - Appears within the expected range for red blood cell size.
- Platelet Count: 278.0 K/uL - Appears within the expected range for blood clotting.
- RDW: 12.9 % - Appears within the expected range for red blood cell size variation.
- Red Blood Cells: 4.74 m/uL - Appears within the expected range for red blood cell production.
- White Blood Cells: 10.1 K/uL - Appears within the expected range for immune response.

General Overview: The results show some abnormal levels of cholesterol, triglycerides, and muscle enzymes, which may suggest a higher risk for heart disease, while other results appear within the expected ranges for various bodily functions.","You are writing patient-friendly explanations of laboratory test results.


Patient information:
- Sex: Male

Task:
For each blood test result, write exactly one very short sentence explaining what this result may suggest in the body.

Return the answer in exactly this format:

- Test Name: value unit - one short explanation.
- Test Name: value unit - one short explanation.

General Overview: one short paragraph summarizing the overall pattern.

Strict rules:
- Use one bullet line per test.
- Keep the tests in the same order as the input.
- Each bullet must follow exactly this pattern:
  - Test Name: value unit - Explanation.
- Include the test name, value, and unit exactly as given.
- Write only one sentence after the dash.
- Keep each explanation under 18 words.
- Use simple language for a non-medical reader.
- Use cautious wording such as ""may suggest"", ""can suggest"", ""may reflect"", or ""appears"".
- If the result is normal, say what body function appears generally within the expected range.
- If the result is abnormal, explain the possible body system involved.
- Do not diagnose diseases.
- Do not recommend treatment.
- Do not say the body ""is"" damaged, failing, or diseased.
- End with exactly one paragraph starting with:
  General Overview:
- Do not add any other headers, numbering, markdown tables, or extra text.

Example output style:
- Hemoglobin: 10.5 g/dL - May reflect a lower amount of oxygen-carrying protein in the blood.
- White Blood Cells: 12.0 K/uL - Can suggest an immune response, such as infection or inflammation.

General Overview: The results show ...

BLOOD TEST RESULTS:

- Anion Gap: 16.0 mEq/L [normal]
- Bicarbonate: 20.0 mEq/L [abnormal]
- Chloride: 104.0 mEq/L [normal]
- Cholesterol Ratio (Total/HDL): 4.9 Ratio [normal]
- Cholesterol, HDL: 51.0 mg/dL [normal]
- Cholesterol, LDL, Calculated: 163.0 mg/dL [abnormal]
- Cholesterol, Total: 251.0 mg/dL [abnormal]
- CK-MB Index: 3.0 % [normal]
- Creatine Kinase (CK): 3869.0 IU/L [abnormal]
- Creatine Kinase, MB Isoenzyme: 118.0 ng/mL [abnormal]
- Creatinine: 0.8 mg/dL [normal]
- Glucose: 100.0 mg/dL [normal]
- Magnesium: 2.3 mg/dL [normal]
- Potassium: 4.1 mEq/L [normal]
- Sodium: 136.0 mEq/L [normal]
- Triglycerides: 187.0 mg/dL [abnormal]
- Troponin T: 2.34 ng/ml [abnormal]
- Urea Nitrogen: 15.0 mg/dL [normal]
- Hematocrit: 41.6 % [normal]
- Hemoglobin: 14.2 g/dL [normal]
- MCH: 29.8 pg [normal]
- MCHC: 34.1 % [normal]
- MCV: 88.0 fL [normal]
- Platelet Count: 278.0 K/uL [normal]
- RDW: 12.9 % [normal]
- Red Blood Cells: 4.74 m/uL [normal]
- White Blood Cells: 10.1 K/uL [normal]",meta/llama-3.1-70b-instruct,2026-05-23 19:38:39.845849
44,45,52,,2191-07-28 20:40:00,"- Alanine Aminotransferase (ALT): 44.0 IU/L - May reflect liver cell damage.
- Alkaline Phosphatase: 128.0 IU/L - Can suggest bone or liver issues.
- Amylase: 28.0 IU/L - Appears to be within the expected range for pancreas function.
- Anion Gap: 16.0 mEq/L - Appears to be within the expected range for acid-base balance.
- Asparate Aminotransferase (AST): 91.0 IU/L - May reflect liver or muscle cell damage.
- Bicarbonate: 21.0 mEq/L - May suggest an imbalance in acid-base levels.
- Bilirubin, Total: 15.2 mg/dL - May reflect issues with liver or bile duct function.
- Calcium, Total: 9.5 mg/dL - Appears to be within the expected range for bone health.
- Chloride: 93.0 mEq/L - May suggest an imbalance in fluid levels.
- Creatinine: 0.8 mg/dL - Appears to be within the expected range for kidney function.
- Glucose: 111.0 mg/dL - May suggest issues with blood sugar regulation.
- Lipase: 25.0 IU/L - Appears to be within the expected range for pancreas function.
- Magnesium: 1.9 mg/dL - Appears to be within the expected range for muscle and nerve function.
- Phosphate: 2.6 mg/dL - May reflect issues with bone or kidney function.
- Potassium: 5.1 mEq/L - Appears to be within the expected range for heart function.
- Sodium: 125.0 mEq/L - May suggest an imbalance in fluid levels.
- Urea Nitrogen: 16.0 mg/dL - Appears to be within the expected range for kidney function.
- Bands: 2.0 % - Appears to be within the expected range for immune response.
- Hematocrit: 26.8 % - May reflect a lower amount of red blood cells.
- Hemoglobin: 9.7 g/dL - May reflect a lower amount of oxygen-carrying protein in the blood.
- INR(PT): 2.3 no unit - May suggest issues with blood clotting.
- Lymphocytes: 5.0 % - May reflect issues with immune response.
- MCH: 37.2 pg - May reflect issues with red blood cell production.
- MCHC: 36.1 % - May reflect issues with red blood cell production.
- MCV: 103.0 fL - May reflect issues with red blood cell size.
- Monocytes: 2.0 % - Appears to be within the expected range for immune response.
- Neutrophils: 91.0 % - May reflect an immune response, such as infection or inflammation.
- Platelet Count: 46.0 K/uL - May reflect issues with blood clotting.
- PT: 22.8 sec - May suggest issues with blood clotting.
- PTT: 40.0 sec - May suggest issues with blood clotting.
- RDW: 16.0 % - May reflect issues with red blood cell size.
- Red Blood Cells: 2.6 m/uL - May reflect a lower amount of red blood cells.
- White Blood Cells: 6.8 K/uL - May reflect an immune response, such as infection or inflammation.

General Overview: The results show a pattern of possible issues with liver function, blood sugar regulation, and blood cell production, as well as potential imbalances in fluid and electrolyte levels.","You are writing patient-friendly explanations of laboratory test results.


Patient information:
- Sex: Male

Task:
For each blood test result, write exactly one very short sentence explaining what this result may suggest in the body.

Return the answer in exactly this format:

- Test Name: value unit - one short explanation.
- Test Name: value unit - one short explanation.

General Overview: one short paragraph summarizing the overall pattern.

Strict rules:
- Use one bullet line per test.
- Keep the tests in the same order as the input.
- Each bullet must follow exactly this pattern:
  - Test Name: value unit - Explanation.
- Include the test name, value, and unit exactly as given.
- Write only one sentence after the dash.
- Keep each explanation under 18 words.
- Use simple language for a non-medical reader.
- Use cautious wording such as ""may suggest"", ""can suggest"", ""may reflect"", or ""appears"".
- If the result is normal, say what body function appears generally within the expected range.
- If the result is abnormal, explain the possible body system involved.
- Do not diagnose diseases.
- Do not recommend treatment.
- Do not say the body ""is"" damaged, failing, or diseased.
- End with exactly one paragraph starting with:
  General Overview:
- Do not add any other headers, numbering, markdown tables, or extra text.

Example output style:
- Hemoglobin: 10.5 g/dL - May reflect a lower amount of oxygen-carrying protein in the blood.
- White Blood Cells: 12.0 K/uL - Can suggest an immune response, such as infection or inflammation.

General Overview: The results show ...

BLOOD TEST RESULTS:

- Alanine Aminotransferase (ALT): 44.0 IU/L [abnormal]
- Alkaline Phosphatase: 128.0 IU/L [abnormal]
- Amylase: 28.0 IU/L [normal]
- Anion Gap: 16.0 mEq/L [normal]
- Asparate Aminotransferase (AST): 91.0 IU/L [abnormal]
- Bicarbonate: 21.0 mEq/L [abnormal]
- Bilirubin, Total: 15.2 mg/dL [abnormal]
- Calcium, Total: 9.5 mg/dL [normal]
- Chloride: 93.0 mEq/L [abnormal]
- Creatinine: 0.8 mg/dL [normal]
- Glucose: 111.0 mg/dL [abnormal]
- Lipase: 25.0 IU/L [normal]
- Magnesium: 1.9 mg/dL [normal]
- Phosphate: 2.6 mg/dL [abnormal]
- Potassium: 5.1 mEq/L [normal]
- Sodium: 125.0 mEq/L [abnormal]
- Urea Nitrogen: 16.0 mg/dL [normal]
- Bands: 2.0 % [normal]
- Hematocrit: 26.8 % [abnormal]
- Hemoglobin: 9.7 g/dL [abnormal]
- INR(PT): 2.3 no unit [abnormal]
- Lymphocytes: 5.0 % [abnormal]
- MCH: 37.2 pg [abnormal]
- MCHC: 36.1 % [abnormal]
- MCV: 103.0 fL [abnormal]
- Monocytes: 2.0 % [normal]
- Neutrophils: 91.0 % [abnormal]
- Platelet Count: 46.0 K/uL [abnormal]
- PT: 22.8 sec [abnormal]
- PTT: 40.0 sec [abnormal]
- RDW: 16.0 % [abnormal]
- Red Blood Cells: 2.6 m/uL [abnormal]
- White Blood Cells: 6.8 K/uL [abnormal]",meta/llama-3.1-70b-instruct,2026-05-23 19:37:51.908223
39,40,45,157907.0,2129-06-10 02:24:00,"- Amylase: 149.0 IU/L - May suggest pancreas or salivary gland issues.
- Anion Gap: 12.0 mEq/L - Appears to be within the expected range for acid-base balance.
- Bicarbonate: 23.0 mEq/L - Appears to be within the expected range for acid-base balance.
- Calcium, Total: 8.1 mg/dL - May reflect bone or parathyroid gland issues.
- Chloride: 109.0 mEq/L - Appears to be within the expected range for fluid balance.
- Creatine Kinase (CK): 862.0 IU/L - May suggest muscle damage or strain.
- Creatine Kinase, MB Isoenzyme: 9.0 ng/mL - Appears to be within the expected range for heart muscle function.
- Creatinine: 0.8 mg/dL - Appears to be within the expected range for kidney function.
- Glucose: 117.0 mg/dL - May suggest issues with blood sugar regulation.
- Lipase: 47.0 IU/L - Appears to be within the expected range for pancreas function.
- Magnesium: 1.3 mg/dL - May reflect issues with muscle or nerve function.
- Phosphate: 5.1 mg/dL - May reflect issues with bone or kidney function.
- Potassium: 4.3 mEq/L - Appears to be within the expected range for heart function.
- Sodium: 140.0 mEq/L - Appears to be within the expected range for fluid balance.
- Urea Nitrogen: 14.0 mg/dL - Appears to be within the expected range for kidney function.
- Hematocrit: 32.1 % - May reflect a lower amount of red blood cells.
- Hemoglobin: 11.7 g/dL - May reflect a lower amount of oxygen-carrying protein in the blood.
- MCH: 32.5 pg - May reflect issues with red blood cell size or hemoglobin content.
- MCHC: 36.5 % - May reflect issues with red blood cell hemoglobin content.
- MCV: 89.0 fL - Appears to be within the expected range for red blood cell size.
- Platelet Count: 247.0 K/uL - Appears to be within the expected range for blood clotting.
- RDW: 12.7 % - Appears to be within the expected range for red blood cell size variation.
- Red Blood Cells: 3.6 m/uL - May reflect a lower amount of red blood cells.
- White Blood Cells: 19.0 K/uL - Can suggest an immune response, such as infection or inflammation.

General Overview: The results show a pattern of possible issues with pancreas function, muscle damage, bone health, and blood sugar regulation, along with a lower amount of red blood cells and oxygen-carrying protein in the blood, and an immune response.","You are writing patient-friendly explanations of laboratory test results.


Patient information:
- Sex: Male

Task:
For each blood test result, write exactly one very short sentence explaining what this result may suggest in the body.

Return the answer in exactly this format:

- Test Name: value unit - one short explanation.
- Test Name: value unit - one short explanation.

General Overview: one short paragraph summarizing the overall pattern.

Strict rules:
- Use one bullet line per test.
- Keep the tests in the same order as the input.
- Each bullet must follow exactly this pattern:
  - Test Name: value unit - Explanation.
- Include the test name, value, and unit exactly as given.
- Write only one sentence after the dash.
- Keep each explanation under 18 words.
- Use simple language for a non-medical reader.
- Use cautious wording such as ""may suggest"", ""can suggest"", ""may reflect"", or ""appears"".
- If the result is normal, say what body function appears generally within the expected range.
- If the result is abnormal, explain the possible body system involved.
- Do not diagnose diseases.
- Do not recommend treatment.
- Do not say the body ""is"" damaged, failing, or diseased.
- End with exactly one paragraph starting with:
  General Overview:
- Do not add any other headers, numbering, markdown tables, or extra text.

Example output style:
- Hemoglobin: 10.5 g/dL - May reflect a lower amount of oxygen-carrying protein in the blood.
- White Blood Cells: 12.0 K/uL - Can suggest an immune response, such as infection or inflammation.

General Overview: The results show ...

BLOOD TEST RESULTS:

- Amylase: 149.0 IU/L [abnormal]
- Anion Gap: 12.0 mEq/L [normal]
- Bicarbonate: 23.0 mEq/L [normal]
- Calcium, Total: 8.1 mg/dL [abnormal]
- Chloride: 109.0 mEq/L [normal]
- Creatine Kinase (CK): 862.0 IU/L [abnormal]
- Creatine Kinase, MB Isoenzyme: 9.0 ng/mL [normal]
- Creatinine: 0.8 mg/dL [normal]
- Glucose: 117.0 mg/dL [abnormal]
- Lipase: 47.0 IU/L [normal]
- Magnesium: 1.3 mg/dL [abnormal]
- Phosphate: 5.1 mg/dL [abnormal]
- Potassium: 4.3 mEq/L [normal]
- Sodium: 140.0 mEq/L [normal]
- Urea Nitrogen: 14.0 mg/dL [normal]
- Hematocrit: 32.1 % [abnormal]
- Hemoglobin: 11.7 g/dL [abnormal]
- MCH: 32.5 pg [abnormal]
- MCHC: 36.5 % [abnormal]
- MCV: 89.0 fL [normal]
- Platelet Count: 247.0 K/uL [normal]
- RDW: 12.7 % [normal]
- Red Blood Cells: 3.6 m/uL [abnormal]
- White Blood Cells: 19.0 K/uL [abnormal]",meta/llama-3.1-70b-instruct,2026-05-23 19:34:32.769568
22,23,26,197661.0,2126-05-08 04:00:00,"- Anion Gap: 14.0 mEq/L - Appears within the expected range for acid-base balance.
- Bicarbonate: 24.0 mEq/L - Appears within the expected range for acid-base balance.
- Calcium, Total: 8.5 mg/dL - Appears within the expected range for bone health.
- Chloride: 106.0 mEq/L - Appears within the expected range for fluid balance.
- Creatinine: 1.3 mg/dL - May suggest kidney function issues.
- Glucose: 129.0 mg/dL - May reflect high blood sugar levels.
- Magnesium: 2.0 mg/dL - Appears within the expected range for muscle and nerve function.
- Phosphate: 2.2 mg/dL - May suggest issues with bone or kidney function.
- Potassium: 4.5 mEq/L - Appears within the expected range for heart function.
- Sodium: 139.0 mEq/L - Appears within the expected range for fluid balance.
- Urea Nitrogen: 31.0 mg/dL - May suggest kidney function issues.
- Hematocrit: 35.4 % - May reflect a lower amount of red blood cells.
- Hemoglobin: 12.2 g/dL - May reflect a lower amount of oxygen-carrying protein in the blood.
- INR(PT): 1.5 no unit - Appears within the expected range for blood clotting.
- MCH: 33.0 pg - May reflect issues with red blood cell size or hemoglobin content.
- MCHC: 34.5 % - Appears within the expected range for red blood cell hemoglobin content.
- MCV: 96.0 fL - Appears within the expected range for red blood cell size.
- Platelet Count: 168.0 K/uL - Appears within the expected range for blood clotting.
- PT: 15.2 sec - May suggest issues with blood clotting.
- PTT: 25.1 sec - Appears within the expected range for blood clotting.
- RDW: 13.7 % - Appears within the expected range for red blood cell size variation.
- Red Blood Cells: 3.7 m/uL - May reflect a lower amount of red blood cells.
- White Blood Cells: 8.2 K/uL - Appears within the expected range for immune function.

General Overview: The results show some abnormal values that may suggest issues with kidney function, blood sugar levels, and red blood cell production, while other values appear within the expected ranges for various bodily functions.","You are writing patient-friendly explanations of laboratory test results.


Patient information:
- Sex: Male

Task:
For each blood test result, write exactly one very short sentence explaining what this result may suggest in the body.

Return the answer in exactly this format:

- Test Name: value unit - one short explanation.
- Test Name: value unit - one short explanation.

General Overview: one short paragraph summarizing the overall pattern.

Strict rules:
- Use one bullet line per test.
- Keep the tests in the same order as the input.
- Each bullet must follow exactly this pattern:
  - Test Name: value unit - Explanation.
- Include the test name, value, and unit exactly as given.
- Write only one sentence after the dash.
- Keep each explanation under 18 words.
- Use simple language for a non-medical reader.
- Use cautious wording such as ""may suggest"", ""can suggest"", ""may reflect"", or ""appears"".
- If the result is normal, say what body function appears generally within the expected range.
- If the result is abnormal, explain the possible body system involved.
- Do not diagnose diseases.
- Do not recommend treatment.
- Do not say the body ""is"" damaged, failing, or diseased.
- End with exactly one paragraph starting with:
  General Overview:
- Do not add any other headers, numbering, markdown tables, or extra text.

Example output style:
- Hemoglobin: 10.5 g/dL - May reflect a lower amount of oxygen-carrying protein in the blood.
- White Blood Cells: 12.0 K/uL - Can suggest an immune response, such as infection or inflammation.

General Overview: The results show ...

BLOOD TEST RESULTS:

- Anion Gap: 14.0 mEq/L [normal]
- Bicarbonate: 24.0 mEq/L [normal]
- Calcium, Total: 8.5 mg/dL [normal]
- Chloride: 106.0 mEq/L [normal]
- Creatinine: 1.3 mg/dL [abnormal]
- Glucose: 129.0 mg/dL [abnormal]
- Magnesium: 2.0 mg/dL [normal]
- Phosphate: 2.2 mg/dL [abnormal]
- Potassium: 4.5 mEq/L [normal]
- Sodium: 139.0 mEq/L [normal]
- Urea Nitrogen: 31.0 mg/dL [abnormal]
- Hematocrit: 35.4 % [abnormal]
- Hemoglobin: 12.2 g/dL [abnormal]
- INR(PT): 1.5 no unit [normal]
- MCH: 33.0 pg [abnormal]
- MCHC: 34.5 % [normal]
- MCV: 96.0 fL [normal]
- Platelet Count: 168.0 K/uL [normal]
- PT: 15.2 sec [abnormal]
- PTT: 25.1 sec [normal]
- RDW: 13.7 % [normal]
- Red Blood Cells: 3.7 m/uL [abnormal]
- White Blood Cells: 8.2 K/uL [normal]",meta/llama-3.1-70b-instruct,2026-05-23 19:24:03.000865
80,81,89,188646.0,2185-06-17 05:00:00,"- Hematocrit: 46.7 % - Blood cell volume appears generally within the expected range.
- Hemoglobin: 15.4 g/dL - Oxygen-carrying protein in the blood appears generally within the expected range.
- Lymphocytes: 64.0 % - Immune system function appears generally within the expected range.
- MCH: 32.1 pg - May reflect a lower amount of hemoglobin in red blood cells.
- MCHC: 33.1 % - Hemoglobin concentration in red blood cells appears generally within the expected range.
- MCV: 97.0 fL - Red blood cell size appears generally within the expected range.
- Monocytes: 4.0 % - Immune system function appears generally within the expected range.
- Neutrophils: 32.0 % - Immune system function appears generally within the expected range.
- Nucleated Red Cells: 2.0 % - Bone marrow function appears generally within the expected range.
- Platelet Count: 324.0 K/uL - Blood clotting function appears generally within the expected range.
- RDW: 17.3 % - May reflect a variation in red blood cell size.
- Red Blood Cells: 4.81 m/uL - Red blood cell production appears generally within the expected range.
- White Blood Cells: 8.0 K/uL - Immune system function appears generally within the expected range.

General Overview: The results show mostly normal values, but some variations in red blood cell characteristics, which may require further evaluation.","You are writing patient-friendly explanations of laboratory test results.


Patient information:
- Sex: Female

Task:
For each blood test result, write exactly one very short sentence explaining what this result may suggest in the body.

Return the answer in exactly this format:

- Test Name: value unit - one short explanation.
- Test Name: value unit - one short explanation.

General Overview: one short paragraph summarizing the overall pattern.

Strict rules:
- Use one bullet line per test.
- Keep the tests in the same order as the input.
- Each bullet must follow exactly this pattern:
  - Test Name: value unit - Explanation.
- Include the test name, value, and unit exactly as given.
- Write only one sentence after the dash.
- Keep each explanation under 18 words.
- Use simple language for a non-medical reader.
- Use cautious wording such as ""may suggest"", ""can suggest"", ""may reflect"", or ""appears"".
- If the result is normal, say what body function appears generally within the expected range.
- If the result is abnormal, explain the possible body system involved.
- Do not diagnose diseases.
- Do not recommend treatment.
- Do not say the body ""is"" damaged, failing, or diseased.
- End with exactly one paragraph starting with:
  General Overview:
- Do not add any other headers, numbering, markdown tables, or extra text.

Example output style:
- Hemoglobin: 10.5 g/dL - May reflect a lower amount of oxygen-carrying protein in the blood.
- White Blood Cells: 12.0 K/uL - Can suggest an immune response, such as infection or inflammation.

General Overview: The results show ...

BLOOD TEST RESULTS:

- Hematocrit: 46.7 % [normal]
- Hemoglobin: 15.4 g/dL [normal]
- Lymphocytes: 64.0 % [normal]
- MCH: 32.1 pg [abnormal]
- MCHC: 33.1 % [normal]
- MCV: 97.0 fL [normal]
- Monocytes: 4.0 % [normal]
- Neutrophils: 32.0 % [normal]
- Nucleated Red Cells: 2.0 % [normal]
- Platelet Count: 324.0 K/uL [normal]
- RDW: 17.3 % [abnormal]
- Red Blood Cells: 4.81 m/uL [normal]
- White Blood Cells: 8.0 K/uL [normal]",meta/llama-3.1-70b-instruct,2026-05-23 20:08:37.809370
10,11,12,112213.0,2104-08-13 03:51:00,"- Alanine Aminotransferase (ALT): 308.0 IU/L - May reflect liver damage or inflammation.
- Albumin: 2.2 g/dL - May suggest low levels of a protein made by the liver.
- Alkaline Phosphatase: 193.0 IU/L - Can suggest bone or liver issues.
- Amylase: 8.0 IU/L - Appears to be within the expected range for pancreas function.
- Anion Gap: 15.0 mEq/L - Appears to be within the expected range for acid-base balance.
- Asparate Aminotransferase (AST): 98.0 IU/L - May reflect liver or muscle damage.
- Bicarbonate: 24.0 mEq/L - Appears to be within the expected range for acid-base balance.
- Bilirubin, Direct: 6.2 mg/dL - May suggest liver or bile duct issues.
- Bilirubin, Indirect: 2.0 mg/dL - Appears to be within the expected range for liver function.
- Bilirubin, Total: 8.2 mg/dL - May reflect liver or bile duct issues.
- Calcium, Total: 8.2 mg/dL - May suggest low levels of calcium in the blood.
- Chloride: 99.0 mEq/L - Appears to be within the expected range for fluid balance.
- Creatinine: 1.1 mg/dL - Appears to be within the expected range for kidney function.
- Glucose: 115.0 mg/dL - May suggest high blood sugar levels.
- Lipase: 7.0 IU/L - Appears to be within the expected range for pancreas function.
- Magnesium: 1.9 mg/dL - Appears to be within the expected range for muscle and nerve function.
- Phosphate: 2.6 mg/dL - May suggest low levels of phosphate in the blood.
- Potassium: 3.2 mEq/L - May suggest low levels of potassium in the blood.
- Sodium: 135.0 mEq/L - Appears to be within the expected range for fluid balance.
- Urea Nitrogen: 28.0 mg/dL - May reflect kidney function or dehydration.
- Atypical Lymphocytes: 3.0 % - May suggest an immune response or infection.
- Bands: 1.0 % - Appears to be within the expected range for immune response.
- Eosinophil Count: 710.0 #/uL - May suggest an allergic reaction or parasitic infection.
- Eosinophils: 4.0 % - Appears to be within the expected range for immune response.
- Hematocrit: 37.4 % - May suggest low levels of red blood cells.
- Hemoglobin: 12.8 g/dL - May reflect low levels of oxygen-carrying protein in the blood.
- Lymphocytes: 4.0 % - May suggest an immune response or infection.
- MCH: 30.1 pg - Appears to be within the expected range for red blood cell size.
- MCHC: 34.1 % - Appears to be within the expected range for red blood cell size.
- MCV: 88.0 fL - Appears to be within the expected range for red blood cell size.
- Metamyelocytes: 3.0 % - May suggest an immune response or infection.
- Monocytes: 5.0 % - Appears to be within the expected range for immune response.
- Myelocytes: 2.0 % - May suggest an immune response or infection.
- Neutrophils: 78.0 % - May suggest an immune response or infection.
- Nucleated Red Cells: 1.0 % - May suggest bone marrow stress or infection.
- Platelet Count: 172.0 K/uL - Appears to be within the expected range for blood clotting.
- RDW: 14.5 % - Appears to be within the expected range for red blood cell size.
- Red Blood Cells: 4.23 m/uL - May suggest low levels of red blood cells.
- White Blood Cells: 30.6 K/uL - May suggest an immune response or infection.

General Overview: The results show abnormal levels of liver enzymes, electrolytes, and blood cells, which may reflect issues with liver function, electrolyte balance, and immune response.","You are writing patient-friendly explanations of laboratory test results.


Patient information:
- Sex: Male

Task:
For each blood test result, write exactly one very short sentence explaining what this result may suggest in the body.

Return the answer in exactly this format:

- Test Name: value unit - one short explanation.
- Test Name: value unit - one short explanation.

General Overview: one short paragraph summarizing the overall pattern.

Strict rules:
- Use one bullet line per test.
- Keep the tests in the same order as the input.
- Each bullet must follow exactly this pattern:
  - Test Name: value unit - Explanation.
- Include the test name, value, and unit exactly as given.
- Write only one sentence after the dash.
- Keep each explanation under 18 words.
- Use simple language for a non-medical reader.
- Use cautious wording such as ""may suggest"", ""can suggest"", ""may reflect"", or ""appears"".
- If the result is normal, say what body function appears generally within the expected range.
- If the result is abnormal, explain the possible body system involved.
- Do not diagnose diseases.
- Do not recommend treatment.
- Do not say the body ""is"" damaged, failing, or diseased.
- End with exactly one paragraph starting with:
  General Overview:
- Do not add any other headers, numbering, markdown tables, or extra text.

Example output style:
- Hemoglobin: 10.5 g/dL - May reflect a lower amount of oxygen-carrying protein in the blood.
- White Blood Cells: 12.0 K/uL - Can suggest an immune response, such as infection or inflammation.

General Overview: The results show ...

BLOOD TEST RESULTS:

- Alanine Aminotransferase (ALT): 308.0 IU/L [abnormal]
- Albumin: 2.2 g/dL [abnormal]
- Alkaline Phosphatase: 193.0 IU/L [abnormal]
- Amylase: 8.0 IU/L [normal]
- Anion Gap: 15.0 mEq/L [normal]
- Asparate Aminotransferase (AST): 98.0 IU/L [abnormal]
- Bicarbonate: 24.0 mEq/L [normal]
- Bilirubin, Direct: 6.2 mg/dL [abnormal]
- Bilirubin, Indirect: 2.0 mg/dL [normal]
- Bilirubin, Total: 8.2 mg/dL [abnormal]
- Calcium, Total: 8.2 mg/dL [abnormal]
- Chloride: 99.0 mEq/L [normal]
- Creatinine: 1.1 mg/dL [normal]
- Glucose: 115.0 mg/dL [abnormal]
- Lipase: 7.0 IU/L [normal]
- Magnesium: 1.9 mg/dL [normal]
- Phosphate: 2.6 mg/dL [abnormal]
- Potassium: 3.2 mEq/L [abnormal]
- Sodium: 135.0 mEq/L [normal]
- Urea Nitrogen: 28.0 mg/dL [abnormal]
- Atypical Lymphocytes: 3.0 % [abnormal]
- Bands: 1.0 % [normal]
- Eosinophil Count: 710.0 #/uL [abnormal]
- Eosinophils: 4.0 % [normal]
- Hematocrit: 37.4 % [abnormal]
- Hemoglobin: 12.8 g/dL [abnormal]
- Lymphocytes: 4.0 % [abnormal]
- MCH: 30.1 pg [normal]
- MCHC: 34.1 % [normal]
- MCV: 88.0 fL [normal]
- Metamyelocytes: 3.0 % [abnormal]
- Monocytes: 5.0 % [normal]
- Myelocytes: 2.0 % [abnormal]
- Neutrophils: 78.0 % [abnormal]
- Nucleated Red Cells: 1.0 % [abnormal]
- Platelet Count: 172.0 K/uL [normal]
- RDW: 14.5 % [normal]
- Red Blood Cells: 4.23 m/uL [abnormal]
- White Blood Cells: 30.6 K/uL [abnormal]",meta/llama-3.1-70b-instruct,2026-05-23 19:14:15.096985
0,1,2,163353.0,2138-07-17 21:10:00,"- Bands: 1.0 % - Immature white blood cells appear within the expected range.
- Hematocrit: 49.6 % - Red blood cell volume appears generally within the expected range.
- Hemoglobin: 16.5 g/dL - May reflect a higher amount of oxygen-carrying protein in the blood.
- Lymphocytes: 19.0 % - Can suggest an immune response, such as infection or inflammation.
- MCH: 34.4 pg - May reflect a lower amount of hemoglobin in red blood cells.
- MCHC: 33.3 % - Average hemoglobin in red blood cells appears generally within the expected range.
- MCV: 103.0 fL - May reflect larger than normal red blood cells.
- Monocytes: 10.0 % - Immune cells appear within the expected range.
- Neutrophils: 70.0 % - Can suggest an immune response, such as infection or inflammation.
- Nucleated Red Cells: 1.0 % - May reflect immature red blood cells in the blood.
- Platelet Count: 302.0 K/uL - Blood clotting cells appear within the expected range.
- RDW: 15.5 % - Red blood cell size variation appears generally within the expected range.
- Red Blood Cells: 4.81 m/uL - Red blood cells appear within the expected range.
- White Blood Cells: 22.0 K/uL - Can suggest an immune response, such as infection or inflammation.

General Overview: The results show some variations in blood cell counts and characteristics, which may reflect an immune response or changes in red blood cell production.","You are writing patient-friendly explanations of laboratory test results.


Patient information:
- Sex: Male

Task:
For each blood test result, write exactly one very short sentence explaining what this result may suggest in the body.

Return the answer in exactly this format:

- Test Name: value unit - one short explanation.
- Test Name: value unit - one short explanation.

General Overview: one short paragraph summarizing the overall pattern.

Strict rules:
- Use one bullet line per test.
- Keep the tests in the same order as the input.
- Each bullet must follow exactly this pattern:
  - Test Name: value unit - Explanation.
- Include the test name, value, and unit exactly as given.
- Write only one sentence after the dash.
- Keep each explanation under 18 words.
- Use simple language for a non-medical reader.
- Use cautious wording such as ""may suggest"", ""can suggest"", ""may reflect"", or ""appears"".
- If the result is normal, say what body function appears generally within the expected range.
- If the result is abnormal, explain the possible body system involved.
- Do not diagnose diseases.
- Do not recommend treatment.
- Do not say the body ""is"" damaged, failing, or diseased.
- End with exactly one paragraph starting with:
  General Overview:
- Do not add any other headers, numbering, markdown tables, or extra text.

Example output style:
- Hemoglobin: 10.5 g/dL - May reflect a lower amount of oxygen-carrying protein in the blood.
- White Blood Cells: 12.0 K/uL - Can suggest an immune response, such as infection or inflammation.

General Overview: The results show ...

BLOOD TEST RESULTS:

- Bands: 1.0 % [normal]
- Hematocrit: 49.6 % [normal]
- Hemoglobin: 16.5 g/dL [abnormal]
- Lymphocytes: 19.0 % [abnormal]
- MCH: 34.4 pg [abnormal]
- MCHC: 33.3 % [normal]
- MCV: 103.0 fL [abnormal]
- Monocytes: 10.0 % [normal]
- Neutrophils: 70.0 % [abnormal]
- Nucleated Red Cells: 1.0 % [abnormal]
- Platelet Count: 302.0 K/uL [normal]
- RDW: 15.5 % [normal]
- Red Blood Cells: 4.81 m/uL [normal]
- White Blood Cells: 22.0 K/uL [abnormal]",meta/llama-3.1-70b-instruct,2026-05-23 18:31:11.825753
