"summary_id","subject_id","hadm_id","charttime","generated_text","prompt","model_used","created_at"
"1","2","163353.0","2138-07-17 21:10:00","- Bands: 1.0 % - Immature white blood cells appear within the expected range.
- Hematocrit: 49.6 % - Red blood cell volume appears generally within the expected range.
- Hemoglobin: 16.5 g/dL - May reflect a higher amount of oxygen-carrying protein in the blood.
- Lymphocytes: 19.0 % - Can suggest an immune response, such as infection or inflammation.
- MCH: 34.4 pg - May reflect a lower amount of hemoglobin in red blood cells.
- MCHC: 33.3 % - Average hemoglobin in red blood cells appears generally within the expected range.
- MCV: 103.0 fL - May reflect larger than normal red blood cells.
- Monocytes: 10.0 % - Immune cells appear within the expected range.
- Neutrophils: 70.0 % - Can suggest an immune response, such as infection or inflammation.
- Nucleated Red Cells: 1.0 % - May reflect immature red blood cells in the blood.
- Platelet Count: 302.0 K/uL - Blood clotting cells appear within the expected range.
- RDW: 15.5 % - Red blood cell size variation appears generally within the expected range.
- Red Blood Cells: 4.81 m/uL - Red blood cells appear within the expected range.
- White Blood Cells: 22.0 K/uL - Can suggest an immune response, such as infection or inflammation.

General Overview: The results show some variations in blood cell counts and characteristics, which may reflect an immune response or changes in red blood cell production.","You are writing patient-friendly explanations of laboratory test results.


Patient information:
- Sex: Male

Task:
For each blood test result, write exactly one very short sentence explaining what this result may suggest in the body.

Return the answer in exactly this format:

- Test Name: value unit - one short explanation.
- Test Name: value unit - one short explanation.

General Overview: one short paragraph summarizing the overall pattern.

Strict rules:
- Use one bullet line per test.
- Keep the tests in the same order as the input.
- Each bullet must follow exactly this pattern:
  - Test Name: value unit - Explanation.
- Include the test name, value, and unit exactly as given.
- Write only one sentence after the dash.
- Keep each explanation under 18 words.
- Use simple language for a non-medical reader.
- Use cautious wording such as ""may suggest"", ""can suggest"", ""may reflect"", or ""appears"".
- If the result is normal, say what body function appears generally within the expected range.
- If the result is abnormal, explain the possible body system involved.
- Do not diagnose diseases.
- Do not recommend treatment.
- Do not say the body ""is"" damaged, failing, or diseased.
- End with exactly one paragraph starting with:
  General Overview:
- Do not add any other headers, numbering, markdown tables, or extra text.

Example output style:
- Hemoglobin: 10.5 g/dL - May reflect a lower amount of oxygen-carrying protein in the blood.
- White Blood Cells: 12.0 K/uL - Can suggest an immune response, such as infection or inflammation.

General Overview: The results show ...

BLOOD TEST RESULTS:

- Bands: 1.0 % [normal]
- Hematocrit: 49.6 % [normal]
- Hemoglobin: 16.5 g/dL [abnormal]
- Lymphocytes: 19.0 % [abnormal]
- MCH: 34.4 pg [abnormal]
- MCHC: 33.3 % [normal]
- MCV: 103.0 fL [abnormal]
- Monocytes: 10.0 % [normal]
- Neutrophils: 70.0 % [abnormal]
- Nucleated Red Cells: 1.0 % [abnormal]
- Platelet Count: 302.0 K/uL [normal]
- RDW: 15.5 % [normal]
- Red Blood Cells: 4.81 m/uL [normal]
- White Blood Cells: 22.0 K/uL [abnormal]","meta/llama-3.1-70b-instruct","2026-05-23 18:31:11.825753"
"2","3","145834.0","2101-10-21 03:00:00","- Anion Gap: 19.0 mEq/L - Appears within the expected range for acid-base balance.
- Bicarbonate: 13.0 mEq/L - May reflect a lower level of acid-neutralizing substance in the blood.
- Calcium, Total: 6.7 mg/dL - May suggest an abnormal level of calcium in the blood.
- Chloride: 110.0 mEq/L - Appears within the expected range for fluid balance.
- CK-MB Index: 12.9 % - Can suggest heart muscle damage or stress.
- Creatine Kinase (CK): 371.0 IU/L - May reflect muscle damage or stress.
- Creatine Kinase, MB Isoenzyme: 48.0 ng/mL - Can suggest heart muscle damage or stress.
- Creatinine: 2.5 mg/dL - May reflect a lower kidney function.
- Glucose: 293.0 mg/dL - May suggest an abnormal level of sugar in the blood.
- Magnesium: 2.3 mg/dL - Appears within the expected range for muscle and nerve function.
- Osmolality, Measured: 312.0 mOsm/kg - May reflect an abnormal level of fluid balance.
- Phosphate: 4.7 mg/dL - May suggest an abnormal level of phosphate in the blood.
- Potassium: 4.4 mEq/L - Appears within the expected range for heart function.
- Sodium: 138.0 mEq/L - Appears within the expected range for fluid balance.
- Urea Nitrogen: 42.0 mg/dL - May reflect a lower kidney function.
- Bands: 5.0 % - Appears within the expected range for immune response.
- Hematocrit: 30.3 % - May reflect a lower amount of red blood cells.
- Hemoglobin: 9.7 g/dL - May reflect a lower amount of oxygen-carrying protein in the blood.
- INR(PT): 1.5 no unit - Appears within the expected range for blood clotting.
- Lymphocytes: 3.0 % - May reflect an abnormal immune response.
- MCH: 29.5 pg - Appears within the expected range for red blood cell size.
- MCHC: 32.1 % - Appears within the expected range for red blood cell size.
- MCV: 92.0 fL - Appears within the expected range for red blood cell size.
- Monocytes: 5.0 % - Appears within the expected range for immune response.
- Neutrophils: 87.0 % - May reflect an abnormal immune response.
- Platelet Count: 359.0 K/uL - Appears within the expected range for blood clotting.
- PT: 14.4 SECONDS - May reflect an abnormal blood clotting time.
- PTT: 36.2 sec - May reflect an abnormal blood clotting time.
- RDW: 15.4 % - Appears within the expected range for red blood cell size.
- Red Blood Cells: 3.3 m/uL - May reflect a lower amount of red blood cells.
- White Blood Cells: 24.4 K/uL - May reflect an abnormal immune response.

General Overview: The results show abnormal levels of various substances in the blood, which may reflect issues with kidney function, heart muscle stress, and immune response, as well as an abnormal level of sugar in the blood.","You are writing patient-friendly explanations of laboratory test results.


Patient information:
- Sex: Male

Task:
For each blood test result, write exactly one very short sentence explaining what this result may suggest in the body.

Return the answer in exactly this format:

- Test Name: value unit - one short explanation.
- Test Name: value unit - one short explanation.

General Overview: one short paragraph summarizing the overall pattern.

Strict rules:
- Use one bullet line per test.
- Keep the tests in the same order as the input.
- Each bullet must follow exactly this pattern:
  - Test Name: value unit - Explanation.
- Include the test name, value, and unit exactly as given.
- Write only one sentence after the dash.
- Keep each explanation under 18 words.
- Use simple language for a non-medical reader.
- Use cautious wording such as ""may suggest"", ""can suggest"", ""may reflect"", or ""appears"".
- If the result is normal, say what body function appears generally within the expected range.
- If the result is abnormal, explain the possible body system involved.
- Do not diagnose diseases.
- Do not recommend treatment.
- Do not say the body ""is"" damaged, failing, or diseased.
- End with exactly one paragraph starting with:
  General Overview:
- Do not add any other headers, numbering, markdown tables, or extra text.

Example output style:
- Hemoglobin: 10.5 g/dL - May reflect a lower amount of oxygen-carrying protein in the blood.
- White Blood Cells: 12.0 K/uL - Can suggest an immune response, such as infection or inflammation.

General Overview: The results show ...

BLOOD TEST RESULTS:

- Anion Gap: 19.0 mEq/L [normal]
- Bicarbonate: 13.0 mEq/L [abnormal]
- Calcium, Total: 6.7 mg/dL [abnormal]
- Chloride: 110.0 mEq/L [normal]
- CK-MB Index: 12.9 % [abnormal]
- Creatine Kinase (CK): 371.0 IU/L [abnormal]
- Creatine Kinase, MB Isoenzyme: 48.0 ng/mL [abnormal]
- Creatinine: 2.5 mg/dL [abnormal]
- Glucose: 293.0 mg/dL [abnormal]
- Magnesium: 2.3 mg/dL [normal]
- Osmolality, Measured: 312.0 mOsm/kg [abnormal]
- Phosphate: 4.7 mg/dL [abnormal]
- Potassium: 4.4 mEq/L [normal]
- Sodium: 138.0 mEq/L [normal]
- Urea Nitrogen: 42.0 mg/dL [abnormal]
- Bands: 5.0 % [normal]
- Hematocrit: 30.3 % [abnormal]
- Hemoglobin: 9.7 g/dL [abnormal]
- INR(PT): 1.5 no unit [normal]
- Lymphocytes: 3.0 % [abnormal]
- MCH: 29.5 pg [normal]
- MCHC: 32.1 % [normal]
- MCV: 92.0 fL [normal]
- Monocytes: 5.0 % [normal]
- Neutrophils: 87.0 % [abnormal]
- Platelet Count: 359.0 K/uL [normal]
- PT: 14.4 SECONDS [abnormal]
- PTT: 36.2 sec [abnormal]
- RDW: 15.4 % [normal]
- Red Blood Cells: 3.3 m/uL [abnormal]
- White Blood Cells: 24.4 K/uL [abnormal]","meta/llama-3.1-70b-instruct","2026-05-23 18:53:26.407807"
"3","4","","2191-07-13 12:30:00","- Alanine Aminotransferase (ALT): 35.0 IU/L - Liver function appears generally within the expected range.
- Albumin: 4.5 g/dL - Protein levels in the blood appear generally within the expected range.
- Alkaline Phosphatase: 793.0 IU/L - May reflect bone or liver issues.
- Amylase: 129.0 IU/L - May suggest pancreas problems.
- Anion Gap: 18.0 mEq/L - Electrolyte balance appears generally within the expected range.
- Asparate Aminotransferase (AST): 52.0 IU/L - May reflect liver or muscle issues.
- Bicarbonate: 28.0 mEq/L - Acid-base balance appears generally within the expected range.
- Bilirubin, Total: 1.8 mg/dL - May reflect liver or bile duct issues.
- Calcium, Total: 10.4 mg/dL - May reflect bone or parathyroid issues.
- Chloride: 93.0 mEq/L - May reflect fluid or electrolyte imbalance.
- Cholesterol Ratio (Total/HDL): 5.4 Ratio - Cholesterol levels appear generally within the expected range.
- Cholesterol, HDL: 57.0 mg/dL - Good cholesterol levels appear generally within the expected range.
- Cholesterol, LDL, Calculated: 186.0 mg/dL - May reflect high levels of bad cholesterol.
- Cholesterol, Total: 305.0 mg/dL - May reflect high levels of total cholesterol.
- Creatinine: 1.0 mg/dL - Kidney function appears generally within the expected range.
- Glucose: 82.0 mg/dL - Blood sugar levels appear generally within the expected range.
- Phosphate: 4.0 mg/dL - Mineral levels in the blood appear generally within the expected range.
- Potassium: 3.2 mEq/L - May reflect heart or muscle issues.
- Sodium: 136.0 mEq/L - Electrolyte balance appears generally within the expected range.
- Thyroid Stimulating Hormone: 13.0 uIU/mL - May reflect thyroid issues.
- Thyroxine (T4), Free: 1.0 ng/dL - Thyroid function appears generally within the expected range.
- Triglycerides: 308.0 mg/dL - May reflect high levels of triglycerides.
- Urea Nitrogen: 23.0 mg/dL - May reflect kidney or liver issues.
- Absolute CD3 Count: 615.0 #/uL - Immune system function appears generally within the expected range.
- Absolute CD4 Count: 91.0 #/uL - May reflect immune system issues.
- Absolute CD8 Count: 522.0 #/uL - Immune system function appears generally within the expected range.
- Absolute Lymphocyte Count: 830.0 #/uL - Immune system function appears generally within the expected range.
- CD3 Cells, Percent: 74.0 % - Immune system function appears generally within the expected range.
- CD4 Cells, Percent: 11.0 % - Immune system function appears generally within the expected range.
- CD4/CD8 Ratio: 0.2 Ratio - May reflect immune system imbalance.
- CD8 Cells, Percent: 63.0 % - Immune system function appears generally within the expected range.
- Hematocrit: 32.3 % - May reflect anemia or blood loss.
- Hemoglobin: 10.5 g/dL - May reflect a lower amount of oxygen-carrying protein in the blood.
- Lymphocytes, Percent: 10.0 % - Immune system function appears generally within the expected range.
- MCH: 32.2 pg - May reflect anemia or red blood cell issues.
- MCHC: 32.7 % - Red blood cell function appears generally within the expected range.
- MCV: 99.0 fL - May reflect anemia or red blood cell issues.
- Platelet Count: 275.0 K/uL - Blood clotting function appears generally within the expected range.
- RDW: 18.2 % - May reflect anemia or red blood cell issues.
- Red Blood Cells: 3.28 m/uL - May reflect anemia or blood loss.
- White Blood Cells: 8.3 K/uL - Immune system function appears generally within the expected range.

General Overview: The results show a combination of normal and abnormal values, suggesting potential issues with liver function, pancreas, thyroid, immune system, and blood cell production, as well as possible electrolyte and mineral imbalances.","You are writing patient-friendly explanations of laboratory test results.


Patient information:
- Sex: Female

Task:
For each blood test result, write exactly one very short sentence explaining what this result may suggest in the body.

Return the answer in exactly this format:

- Test Name: value unit - one short explanation.
- Test Name: value unit - one short explanation.

General Overview: one short paragraph summarizing the overall pattern.

Strict rules:
- Use one bullet line per test.
- Keep the tests in the same order as the input.
- Each bullet must follow exactly this pattern:
  - Test Name: value unit - Explanation.
- Include the test name, value, and unit exactly as given.
- Write only one sentence after the dash.
- Keep each explanation under 18 words.
- Use simple language for a non-medical reader.
- Use cautious wording such as ""may suggest"", ""can suggest"", ""may reflect"", or ""appears"".
- If the result is normal, say what body function appears generally within the expected range.
- If the result is abnormal, explain the possible body system involved.
- Do not diagnose diseases.
- Do not recommend treatment.
- Do not say the body ""is"" damaged, failing, or diseased.
- End with exactly one paragraph starting with:
  General Overview:
- Do not add any other headers, numbering, markdown tables, or extra text.

Example output style:
- Hemoglobin: 10.5 g/dL - May reflect a lower amount of oxygen-carrying protein in the blood.
- White Blood Cells: 12.0 K/uL - Can suggest an immune response, such as infection or inflammation.

General Overview: The results show ...

BLOOD TEST RESULTS:

- Alanine Aminotransferase (ALT): 35.0 IU/L [normal]
- Albumin: 4.5 g/dL [normal]
- Alkaline Phosphatase: 793.0 IU/L [abnormal]
- Amylase: 129.0 IU/L [abnormal]
- Anion Gap: 18.0 mEq/L [normal]
- Asparate Aminotransferase (AST): 52.0 IU/L [abnormal]
- Bicarbonate: 28.0 mEq/L [normal]
- Bilirubin, Total: 1.8 mg/dL [abnormal]
- Calcium, Total: 10.4 mg/dL [abnormal]
- Chloride: 93.0 mEq/L [abnormal]
- Cholesterol Ratio (Total/HDL): 5.4 Ratio [normal]
- Cholesterol, HDL: 57.0 mg/dL [normal]
- Cholesterol, LDL, Calculated: 186.0 mg/dL [abnormal]
- Cholesterol, Total: 305.0 mg/dL [abnormal]
- Creatinine: 1.0 mg/dL [normal]
- Glucose: 82.0 mg/dL [normal]
- Phosphate: 4.0 mg/dL [normal]
- Potassium: 3.2 mEq/L [abnormal]
- Sodium: 136.0 mEq/L [normal]
- Thyroid Stimulating Hormone: 13.0 uIU/mL [abnormal]
- Thyroxine (T4), Free: 1.0 ng/dL [normal]
- Triglycerides: 308.0 mg/dL [abnormal]
- Urea Nitrogen: 23.0 mg/dL [abnormal]
- Absolute CD3 Count: 615.0 #/uL [normal]
- Absolute CD4 Count: 91.0 #/uL [abnormal]
- Absolute CD8 Count: 522.0 #/uL [normal]
- Absolute Lymphocyte Count: 830.0 #/uL [normal]
- CD3 Cells, Percent: 74.0 % [normal]
- CD4 Cells, Percent: 11.0 % [normal]
- CD4/CD8 Ratio: 0.2 Ratio [abnormal]
- CD8 Cells, Percent: 63.0 % [normal]
- Hematocrit: 32.3 % [abnormal]
- Hemoglobin: 10.5 g/dL [abnormal]
- Lymphocytes, Percent: 10.0 % [normal]
- MCH: 32.2 pg [abnormal]
- MCHC: 32.7 % [normal]
- MCV: 99.0 fL [abnormal]
- Platelet Count: 275.0 K/uL [normal]
- RDW: 18.2 % [abnormal]
- Red Blood Cells: 3.28 m/uL [abnormal]
- White Blood Cells: 8.3 K/uL [normal]","meta/llama-3.1-70b-instruct","2026-05-23 19:01:46.570468"
"4","5","178980.0","2103-02-02 06:10:00","- Hematocrit: 43.0 % - Appears to be within the expected range for blood thickness.
- Hemoglobin: 14.9 g/dL - Appears to be within the expected range for oxygen-carrying protein.
- Lymphocytes: 16.0 % - May suggest an immune response or infection.
- MCH: 37.6 pg - May reflect a lower amount of hemoglobin in red blood cells.
- MCHC: 34.7 % - Appears to be within the expected range for hemoglobin concentration.
- MCV: 109.0 fL - May suggest larger than normal red blood cells.
- Monocytes: 5.0 % - Appears to be within the expected range for immune cell count.
- Neutrophils: 79.0 % - May suggest an increased immune response or infection.
- Nucleated Red Cells: 3.0 % - Appears to be within the expected range for immature red blood cells.
- Platelet Count: 309.0 K/uL - Appears to be within the expected range for blood clotting cells.
- RDW: 16.7 % - May suggest a variation in red blood cell size.
- Red Blood Cells: 3.96 m/uL - Appears to be within the expected range for red blood cell count.
- White Blood Cells: 13.9 K/uL - Appears to be within the expected range for immune cell count.

General Overview: The results show some variations in red blood cell size and hemoglobin content, and an increased immune response, but many other blood components appear to be within the expected range.","You are writing patient-friendly explanations of laboratory test results.


Patient information:
- Sex: Male

Task:
For each blood test result, write exactly one very short sentence explaining what this result may suggest in the body.

Return the answer in exactly this format:

- Test Name: value unit - one short explanation.
- Test Name: value unit - one short explanation.

General Overview: one short paragraph summarizing the overall pattern.

Strict rules:
- Use one bullet line per test.
- Keep the tests in the same order as the input.
- Each bullet must follow exactly this pattern:
  - Test Name: value unit - Explanation.
- Include the test name, value, and unit exactly as given.
- Write only one sentence after the dash.
- Keep each explanation under 18 words.
- Use simple language for a non-medical reader.
- Use cautious wording such as ""may suggest"", ""can suggest"", ""may reflect"", or ""appears"".
- If the result is normal, say what body function appears generally within the expected range.
- If the result is abnormal, explain the possible body system involved.
- Do not diagnose diseases.
- Do not recommend treatment.
- Do not say the body ""is"" damaged, failing, or diseased.
- End with exactly one paragraph starting with:
  General Overview:
- Do not add any other headers, numbering, markdown tables, or extra text.

Example output style:
- Hemoglobin: 10.5 g/dL - May reflect a lower amount of oxygen-carrying protein in the blood.
- White Blood Cells: 12.0 K/uL - Can suggest an immune response, such as infection or inflammation.

General Overview: The results show ...

BLOOD TEST RESULTS:

- Hematocrit: 43.0 % [normal]
- Hemoglobin: 14.9 g/dL [normal]
- Lymphocytes: 16.0 % [abnormal]
- MCH: 37.6 pg [abnormal]
- MCHC: 34.7 % [normal]
- MCV: 109.0 fL [abnormal]
- Monocytes: 5.0 % [normal]
- Neutrophils: 79.0 % [abnormal]
- Nucleated Red Cells: 3.0 % [normal]
- Platelet Count: 309.0 K/uL [normal]
- RDW: 16.7 % [abnormal]
- Red Blood Cells: 3.96 m/uL [normal]
- White Blood Cells: 13.9 K/uL [normal]","meta/llama-3.1-70b-instruct","2026-05-23 19:04:04.428813"
"5","6","107064.0","2175-05-30 16:08:00","- Alanine Aminotransferase (ALT): 23.0 IU/L - Liver function appears generally within the expected range.
- Albumin: 3.0 g/dL - May reflect lower levels of a protein that helps keep fluid in the bloodstream.
- Alkaline Phosphatase: 58.0 IU/L - Bone growth and liver function appear generally within the expected range.
- Anion Gap: 23.0 mEq/L - May suggest an imbalance in the body's acid-base levels.
- Asparate Aminotransferase (AST): 34.0 IU/L - Liver function appears generally within the expected range.
- Bicarbonate: 15.0 mEq/L - May reflect lower levels of a substance that helps regulate the body's acid-base balance.
- Bilirubin, Total: 0.2 mg/dL - Liver function and red blood cell breakdown appear generally within the expected range.
- Calcium, Total: 8.6 mg/dL - Bone health and muscle function appear generally within the expected range.
- Chloride: 105.0 mEq/L - Fluid balance and blood pressure appear generally within the expected range.
- Creatinine: 11.7 mg/dL - May suggest kidney function is not working properly.
- Globulin: 2.2 g/dL - Immune system function appears generally within the expected range.
- Glucose: 214.0 mg/dL - May reflect higher levels of sugar in the blood.
- Magnesium: 2.0 mg/dL - Muscle and nerve function appear generally within the expected range.
- Phosphate: 8.5 mg/dL - May reflect higher levels of a substance that helps with bone growth.
- Potassium: 5.4 mEq/L - May reflect higher levels of a substance that helps with heart function.
- Protein, Total: 5.2 g/dL - May reflect lower levels of proteins in the blood.
- Sodium: 138.0 mEq/L - Fluid balance and blood pressure appear generally within the expected range.
- Urea Nitrogen: 62.0 mg/dL - May suggest kidney function is not working properly.
- Basophils: 0.1 % - Immune system function appears generally within the expected range.
- Eosinophils: 0.1 % - Immune system function appears generally within the expected range.
- Hematocrit: 31.0 % - May reflect lower levels of red blood cells.
- Hemoglobin: 9.8 g/dL - May reflect lower levels of oxygen-carrying protein in the blood.
- INR(PT): 1.4 no unit - Blood clotting appears generally within the expected range.
- Lymphocytes: 0.8 % - May reflect lower levels of a type of white blood cell.
- MCH: 28.6 pg - Red blood cell size and hemoglobin content appear generally within the expected range.
- MCHC: 31.8 % - Red blood cell hemoglobin content appears generally within the expected range.
- MCV: 90.0 fL - Red blood cell size appears generally within the expected range.
- Monocytes: 1.6 % - May reflect higher levels of a type of white blood cell.
- Neutrophils: 97.5 % - May reflect higher levels of a type of white blood cell.
- Platelet Count: 315.0 K/uL - Blood clotting appears generally within the expected range.
- PT: 14.6 sec - May reflect a problem with blood clotting.
- PTT: 139.0 sec - May reflect a problem with blood clotting.
- RDW: 16.8 % - May reflect a variation in red blood cell size.
- Red Blood Cells: 3.44 m/uL - May reflect lower levels of red blood cells.
- White Blood Cells: 10.6 K/uL - Immune system function appears generally within the expected range.

General Overview: The results show a pattern of possible kidney problems, high blood sugar, and anemia, with some signs of an immune response and potential issues with blood clotting.","You are writing patient-friendly explanations of laboratory test results.


Patient information:
- Sex: Female

Task:
For each blood test result, write exactly one very short sentence explaining what this result may suggest in the body.

Return the answer in exactly this format:

- Test Name: value unit - one short explanation.
- Test Name: value unit - one short explanation.

General Overview: one short paragraph summarizing the overall pattern.

Strict rules:
- Use one bullet line per test.
- Keep the tests in the same order as the input.
- Each bullet must follow exactly this pattern:
  - Test Name: value unit - Explanation.
- Include the test name, value, and unit exactly as given.
- Write only one sentence after the dash.
- Keep each explanation under 18 words.
- Use simple language for a non-medical reader.
- Use cautious wording such as ""may suggest"", ""can suggest"", ""may reflect"", or ""appears"".
- If the result is normal, say what body function appears generally within the expected range.
- If the result is abnormal, explain the possible body system involved.
- Do not diagnose diseases.
- Do not recommend treatment.
- Do not say the body ""is"" damaged, failing, or diseased.
- End with exactly one paragraph starting with:
  General Overview:
- Do not add any other headers, numbering, markdown tables, or extra text.

Example output style:
- Hemoglobin: 10.5 g/dL - May reflect a lower amount of oxygen-carrying protein in the blood.
- White Blood Cells: 12.0 K/uL - Can suggest an immune response, such as infection or inflammation.

General Overview: The results show ...

BLOOD TEST RESULTS:

- Alanine Aminotransferase (ALT): 23.0 IU/L [normal]
- Albumin: 3.0 g/dL [abnormal]
- Alkaline Phosphatase: 58.0 IU/L [normal]
- Anion Gap: 23.0 mEq/L [abnormal]
- Asparate Aminotransferase (AST): 34.0 IU/L [normal]
- Bicarbonate: 15.0 mEq/L [abnormal]
- Bilirubin, Total: 0.2 mg/dL [normal]
- Calcium, Total: 8.6 mg/dL [normal]
- Chloride: 105.0 mEq/L [normal]
- Creatinine: 11.7 mg/dL [abnormal]
- Globulin: 2.2 g/dL [normal]
- Glucose: 214.0 mg/dL [abnormal]
- Magnesium: 2.0 mg/dL [normal]
- Phosphate: 8.5 mg/dL [abnormal]
- Potassium: 5.4 mEq/L [abnormal]
- Protein, Total: 5.2 g/dL [abnormal]
- Sodium: 138.0 mEq/L [normal]
- Urea Nitrogen: 62.0 mg/dL [abnormal]
- Basophils: 0.1 % [normal]
- Eosinophils: 0.1 % [normal]
- Hematocrit: 31.0 % [abnormal]
- Hemoglobin: 9.8 g/dL [abnormal]
- INR(PT): 1.4 no unit [normal]
- Lymphocytes: 0.8 % [abnormal]
- MCH: 28.6 pg [normal]
- MCHC: 31.8 % [normal]
- MCV: 90.0 fL [normal]
- Monocytes: 1.6 % [abnormal]
- Neutrophils: 97.5 % [abnormal]
- Platelet Count: 315.0 K/uL [normal]
- PT: 14.6 sec [abnormal]
- PTT: 139.0 sec [abnormal]
- RDW: 16.8 % [abnormal]
- Red Blood Cells: 3.44 m/uL [abnormal]
- White Blood Cells: 10.6 K/uL [normal]","meta/llama-3.1-70b-instruct","2026-05-23 19:07:18.731662"
"6","7","118037.0","2121-05-25 02:30:00","- Eosinophils: 6.0 % - May suggest an allergic reaction or parasitic infection.
- Hematocrit: 53.0 % - May reflect a higher amount of red blood cells in the blood.
- Hemoglobin: 17.6 g/dL - May reflect a higher amount of oxygen-carrying protein in the blood.
- Lymphocytes: 24.0 % - May suggest an immune response, such as infection or inflammation.
- MCH: 35.2 pg - May reflect a higher amount of hemoglobin in red blood cells.
- MCHC: 33.2 % - Appears to be within the expected range for hemoglobin concentration.
- MCV: 106.0 fL - May suggest larger than normal red blood cells.
- Monocytes: 5.0 % - Appears to be within the expected range for immune response.
- Myelocytes: 2.0 % - May suggest an abnormal immune response or infection.
- Neutrophils: 63.0 % - May suggest an immune response, such as infection or inflammation.
- Platelet Count: 223.0 K/uL - Appears to be within the expected range for blood clotting.
- RDW: 18.2 % - May suggest a variation in red blood cell size.
- Red Blood Cells: 5.01 m/uL - Appears to be within the expected range for oxygen delivery.
- White Blood Cells: 22.8 K/uL - May suggest an immune response, such as infection or inflammation.

General Overview: The results show a pattern of abnormal values that may suggest an immune response, possible infection, and variations in red blood cell size and hemoglobin levels, while some values appear to be within the expected range for blood clotting and oxygen delivery.","You are writing patient-friendly explanations of laboratory test results.


Patient information:
- Sex: Female

Task:
For each blood test result, write exactly one very short sentence explaining what this result may suggest in the body.

Return the answer in exactly this format:

- Test Name: value unit - one short explanation.
- Test Name: value unit - one short explanation.

General Overview: one short paragraph summarizing the overall pattern.

Strict rules:
- Use one bullet line per test.
- Keep the tests in the same order as the input.
- Each bullet must follow exactly this pattern:
  - Test Name: value unit - Explanation.
- Include the test name, value, and unit exactly as given.
- Write only one sentence after the dash.
- Keep each explanation under 18 words.
- Use simple language for a non-medical reader.
- Use cautious wording such as ""may suggest"", ""can suggest"", ""may reflect"", or ""appears"".
- If the result is normal, say what body function appears generally within the expected range.
- If the result is abnormal, explain the possible body system involved.
- Do not diagnose diseases.
- Do not recommend treatment.
- Do not say the body ""is"" damaged, failing, or diseased.
- End with exactly one paragraph starting with:
  General Overview:
- Do not add any other headers, numbering, markdown tables, or extra text.

Example output style:
- Hemoglobin: 10.5 g/dL - May reflect a lower amount of oxygen-carrying protein in the blood.
- White Blood Cells: 12.0 K/uL - Can suggest an immune response, such as infection or inflammation.

General Overview: The results show ...

BLOOD TEST RESULTS:

- Eosinophils: 6.0 % [abnormal]
- Hematocrit: 53.0 % [abnormal]
- Hemoglobin: 17.6 g/dL [abnormal]
- Lymphocytes: 24.0 % [abnormal]
- MCH: 35.2 pg [abnormal]
- MCHC: 33.2 % [normal]
- MCV: 106.0 fL [abnormal]
- Monocytes: 5.0 % [normal]
- Myelocytes: 2.0 % [abnormal]
- Neutrophils: 63.0 % [abnormal]
- Platelet Count: 223.0 K/uL [normal]
- RDW: 18.2 % [abnormal]
- Red Blood Cells: 5.01 m/uL [normal]
- White Blood Cells: 22.8 K/uL [abnormal]","meta/llama-3.1-70b-instruct","2026-05-23 19:08:37.100093"
"7","8","159514.0","2117-11-20 14:00:00","- Eosinophils: 6.0 % - May reflect an allergic reaction or parasitic infection.
- Hematocrit: 52.0 % - May suggest a higher amount of red blood cells in the blood.
- Hemoglobin: 17.5 g/dL - May reflect a higher amount of oxygen-carrying protein in the blood.
- Lymphocytes: 24.0 % - Can suggest an immune response, such as infection or inflammation.
- MCH: 34.8 pg - May reflect a higher amount of hemoglobin in red blood cells.
- MCHC: 33.6 % - Appears to be within the expected range for red blood cell hemoglobin.
- MCV: 104.0 fL - May reflect larger than normal red blood cells.
- Monocytes: 6.0 % - Appears to be within the expected range for immune response.
- Myelocytes: 3.0 % - May reflect an abnormal production of white blood cells.
- Neutrophils: 61.0 % - Can suggest an immune response, such as infection or inflammation.
- Nucleated Red Cells: 1.0 % - May reflect an abnormal production of red blood cells.
- Platelet Count: 263.0 K/uL - Appears to be within the expected range for blood clotting.
- RDW: 17.1 % - May reflect a variation in red blood cell size.
- Red Blood Cells: 5.02 m/uL - Appears to be within the expected range for oxygen delivery.
- White Blood Cells: 18.7 K/uL - Can suggest an immune response, such as infection or inflammation.

General Overview: The results show an abnormal pattern of blood cell production and immune response, which may reflect an underlying condition affecting the blood and immune system.","You are writing patient-friendly explanations of laboratory test results.


Patient information:
- Sex: Male

Task:
For each blood test result, write exactly one very short sentence explaining what this result may suggest in the body.

Return the answer in exactly this format:

- Test Name: value unit - one short explanation.
- Test Name: value unit - one short explanation.

General Overview: one short paragraph summarizing the overall pattern.

Strict rules:
- Use one bullet line per test.
- Keep the tests in the same order as the input.
- Each bullet must follow exactly this pattern:
  - Test Name: value unit - Explanation.
- Include the test name, value, and unit exactly as given.
- Write only one sentence after the dash.
- Keep each explanation under 18 words.
- Use simple language for a non-medical reader.
- Use cautious wording such as ""may suggest"", ""can suggest"", ""may reflect"", or ""appears"".
- If the result is normal, say what body function appears generally within the expected range.
- If the result is abnormal, explain the possible body system involved.
- Do not diagnose diseases.
- Do not recommend treatment.
- Do not say the body ""is"" damaged, failing, or diseased.
- End with exactly one paragraph starting with:
  General Overview:
- Do not add any other headers, numbering, markdown tables, or extra text.

Example output style:
- Hemoglobin: 10.5 g/dL - May reflect a lower amount of oxygen-carrying protein in the blood.
- White Blood Cells: 12.0 K/uL - Can suggest an immune response, such as infection or inflammation.

General Overview: The results show ...

BLOOD TEST RESULTS:

- Eosinophils: 6.0 % [abnormal]
- Hematocrit: 52.0 % [abnormal]
- Hemoglobin: 17.5 g/dL [abnormal]
- Lymphocytes: 24.0 % [abnormal]
- MCH: 34.8 pg [abnormal]
- MCHC: 33.6 % [normal]
- MCV: 104.0 fL [abnormal]
- Monocytes: 6.0 % [normal]
- Myelocytes: 3.0 % [abnormal]
- Neutrophils: 61.0 % [abnormal]
- Nucleated Red Cells: 1.0 % [abnormal]
- Platelet Count: 263.0 K/uL [normal]
- RDW: 17.1 % [abnormal]
- Red Blood Cells: 5.02 m/uL [normal]
- White Blood Cells: 18.7 K/uL [abnormal]","meta/llama-3.1-70b-instruct","2026-05-23 19:09:42.896123"
"8","9","150750.0","2149-11-13 16:04:00","- Anion Gap: 14.0 mEq/L - Appears within the expected range for acid-base balance.
- Bicarbonate: 21.0 mEq/L - May reflect an imbalance in acid-base levels.
- Calcium, Total: 7.8 mg/dL - May suggest an issue with bone or muscle function.
- Chloride: 98.0 mEq/L - Appears within the expected range for fluid balance.
- CK-MB Index: 0.8 % - Appears within the expected range for heart muscle function.
- Creatine Kinase (CK): 1339.0 IU/L - May reflect muscle damage or inflammation.
- Creatine Kinase, MB Isoenzyme: 11.0 ng/mL - May suggest heart muscle damage.
- Creatinine: 1.7 mg/dL - May reflect a decrease in kidney function.
- Glucose: 184.0 mg/dL - May suggest an issue with blood sugar regulation.
- Magnesium: 2.3 mg/dL - Appears within the expected range for muscle and nerve function.
- Phosphate: 5.3 mg/dL - May reflect an issue with bone or kidney function.
- Potassium: 3.7 mEq/L - Appears within the expected range for heart function.
- Sodium: 129.0 mEq/L - May reflect an imbalance in fluid levels.
- Urea Nitrogen: 28.0 mg/dL - May suggest a decrease in kidney function.
- Hematocrit: 33.5 % - May reflect a lower amount of red blood cells.
- Hemoglobin: 11.5 g/dL - May reflect a lower amount of oxygen-carrying protein.
- INR(PT): 1.1 no unit - Appears within the expected range for blood clotting.
- MCH: 29.3 pg - Appears within the expected range for red blood cell size.
- MCHC: 34.5 % - Appears within the expected range for red blood cell hemoglobin.
- MCV: 85.0 fL - Appears within the expected range for red blood cell size.
- Platelet Count: 306.0 K/uL - Appears within the expected range for blood clotting.
- PT: 13.0 sec - Appears within the expected range for blood clotting.
- PTT: 23.3 sec - Appears within the expected range for blood clotting.
- RDW: 14.6 % - Appears within the expected range for red blood cell size variation.
- Red Blood Cells: 3.94 m/uL - May reflect a lower amount of red blood cells.
- White Blood Cells: 12.2 K/uL - Can suggest an immune response, such as infection or inflammation.

General Overview: The results show a pattern of possible issues with kidney function, blood sugar regulation, and muscle damage, as well as a lower amount of red blood cells and oxygen-carrying protein.","You are writing patient-friendly explanations of laboratory test results.


Patient information:
- Sex: Male

Task:
For each blood test result, write exactly one very short sentence explaining what this result may suggest in the body.

Return the answer in exactly this format:

- Test Name: value unit - one short explanation.
- Test Name: value unit - one short explanation.

General Overview: one short paragraph summarizing the overall pattern.

Strict rules:
- Use one bullet line per test.
- Keep the tests in the same order as the input.
- Each bullet must follow exactly this pattern:
  - Test Name: value unit - Explanation.
- Include the test name, value, and unit exactly as given.
- Write only one sentence after the dash.
- Keep each explanation under 18 words.
- Use simple language for a non-medical reader.
- Use cautious wording such as ""may suggest"", ""can suggest"", ""may reflect"", or ""appears"".
- If the result is normal, say what body function appears generally within the expected range.
- If the result is abnormal, explain the possible body system involved.
- Do not diagnose diseases.
- Do not recommend treatment.
- Do not say the body ""is"" damaged, failing, or diseased.
- End with exactly one paragraph starting with:
  General Overview:
- Do not add any other headers, numbering, markdown tables, or extra text.

Example output style:
- Hemoglobin: 10.5 g/dL - May reflect a lower amount of oxygen-carrying protein in the blood.
- White Blood Cells: 12.0 K/uL - Can suggest an immune response, such as infection or inflammation.

General Overview: The results show ...

BLOOD TEST RESULTS:

- Anion Gap: 14.0 mEq/L [normal]
- Bicarbonate: 21.0 mEq/L [abnormal]
- Calcium, Total: 7.8 mg/dL [abnormal]
- Chloride: 98.0 mEq/L [normal]
- CK-MB Index: 0.8 % [normal]
- Creatine Kinase (CK): 1339.0 IU/L [abnormal]
- Creatine Kinase, MB Isoenzyme: 11.0 ng/mL [abnormal]
- Creatinine: 1.7 mg/dL [abnormal]
- Glucose: 184.0 mg/dL [abnormal]
- Magnesium: 2.3 mg/dL [normal]
- Phosphate: 5.3 mg/dL [abnormal]
- Potassium: 3.7 mEq/L [normal]
- Sodium: 129.0 mEq/L [abnormal]
- Urea Nitrogen: 28.0 mg/dL [abnormal]
- Hematocrit: 33.5 % [abnormal]
- Hemoglobin: 11.5 g/dL [abnormal]
- INR(PT): 1.1 no unit [normal]
- MCH: 29.3 pg [normal]
- MCHC: 34.5 % [normal]
- MCV: 85.0 fL [normal]
- Platelet Count: 306.0 K/uL [normal]
- PT: 13.0 sec [normal]
- PTT: 23.3 sec [normal]
- RDW: 14.6 % [normal]
- Red Blood Cells: 3.94 m/uL [abnormal]
- White Blood Cells: 12.2 K/uL [abnormal]","meta/llama-3.1-70b-instruct","2026-05-23 19:10:25.844668"
"9","10","184167.0","2103-06-28 11:10:00","- Eosinophils: 3.0 % - Appears generally within the expected range for allergy and parasite response.
- Hematocrit: 42.8 % - Appears generally within the expected range for blood cell volume.
- Hemoglobin: 14.8 g/dL - Appears generally within the expected range for oxygen-carrying protein.
- Lymphocytes: 58.0 % - Appears generally within the expected range for immune response.
- MCH: 35.8 pg - May reflect a lower amount of hemoglobin in red blood cells.
- MCHC: 34.5 % - Appears generally within the expected range for hemoglobin concentration.
- MCV: 104.0 fL - May suggest larger than normal red blood cells.
- Monocytes: 11.0 % - Appears generally within the expected range for immune response.
- Myelocytes: 1.0 % - Appears generally within the expected range for immature white blood cells.
- Neutrophils: 27.0 % - Appears generally within the expected range for immune response.
- Nucleated Red Cells: 2.0 % - Appears generally within the expected range for immature red blood cells.
- Platelet Count: 414.0 K/uL - Appears generally within the expected range for blood clotting.
- RDW: 16.3 % - May reflect a variation in red blood cell size.
- Red Blood Cells: 4.12 m/uL - Appears generally within the expected range for oxygen delivery.
- White Blood Cells: 9.2 K/uL - Appears generally within the expected range for immune response.

General Overview: The results show mostly normal values, but some variations in red blood cell size and hemoglobin content, which may suggest a need for further evaluation of the blood's ability to deliver oxygen.","You are writing patient-friendly explanations of laboratory test results.


Patient information:
- Sex: Female

Task:
For each blood test result, write exactly one very short sentence explaining what this result may suggest in the body.

Return the answer in exactly this format:

- Test Name: value unit - one short explanation.
- Test Name: value unit - one short explanation.

General Overview: one short paragraph summarizing the overall pattern.

Strict rules:
- Use one bullet line per test.
- Keep the tests in the same order as the input.
- Each bullet must follow exactly this pattern:
  - Test Name: value unit - Explanation.
- Include the test name, value, and unit exactly as given.
- Write only one sentence after the dash.
- Keep each explanation under 18 words.
- Use simple language for a non-medical reader.
- Use cautious wording such as ""may suggest"", ""can suggest"", ""may reflect"", or ""appears"".
- If the result is normal, say what body function appears generally within the expected range.
- If the result is abnormal, explain the possible body system involved.
- Do not diagnose diseases.
- Do not recommend treatment.
- Do not say the body ""is"" damaged, failing, or diseased.
- End with exactly one paragraph starting with:
  General Overview:
- Do not add any other headers, numbering, markdown tables, or extra text.

Example output style:
- Hemoglobin: 10.5 g/dL - May reflect a lower amount of oxygen-carrying protein in the blood.
- White Blood Cells: 12.0 K/uL - Can suggest an immune response, such as infection or inflammation.

General Overview: The results show ...

BLOOD TEST RESULTS:

- Eosinophils: 3.0 % [normal]
- Hematocrit: 42.8 % [normal]
- Hemoglobin: 14.8 g/dL [normal]
- Lymphocytes: 58.0 % [normal]
- MCH: 35.8 pg [abnormal]
- MCHC: 34.5 % [normal]
- MCV: 104.0 fL [abnormal]
- Monocytes: 11.0 % [normal]
- Myelocytes: 1.0 % [normal]
- Neutrophils: 27.0 % [normal]
- Nucleated Red Cells: 2.0 % [normal]
- Platelet Count: 414.0 K/uL [normal]
- RDW: 16.3 % [abnormal]
- Red Blood Cells: 4.12 m/uL [normal]
- White Blood Cells: 9.2 K/uL [normal]","meta/llama-3.1-70b-instruct","2026-05-23 19:10:47.227630"
"10","11","","2178-07-09 12:35:00","- Alanine Aminotransferase (ALT): 14.0 IU/L - Liver function appears generally within the expected range.
- Alkaline Phosphatase: 77.0 IU/L - Bone growth and liver function appear generally within the expected range.
- Anion Gap: 17.0 mEq/L - Electrolyte balance appears generally within the expected range.
- Asparate Aminotransferase (AST): 16.0 IU/L - Liver function appears generally within the expected range.
- Bicarbonate: 28.0 mEq/L - Acid-base balance appears generally within the expected range.
- Bilirubin, Total: 0.7 mg/dL - Liver function and red blood cell breakdown appear generally within the expected range.
- Chloride: 97.0 mEq/L - Fluid balance and blood pressure appear generally within the expected range.
- Creatinine: 0.7 mg/dL - Kidney function appears generally within the expected range.
- Glucose: 111.0 mg/dL - May reflect higher blood sugar levels, possibly related to insulin or glucose metabolism.
- Potassium: 3.4 mEq/L - Heart function and muscle contractions appear generally within the expected range.
- Sodium: 139.0 mEq/L - Fluid balance and blood pressure appear generally within the expected range.
- Thyroid Stimulating Hormone: 0.8 uIU/mL - Thyroid function appears generally within the expected range.
- Thyroxine (T4), Free: 1.6 ng/dL - Thyroid function appears generally within the expected range.
- Urea Nitrogen: 14.0 mg/dL - Kidney function appears generally within the expected range.
- Atypical Lymphocytes: 2.0 % - May reflect an immune response, such as infection or inflammation.
- Bands: 6.0 % - May reflect an immune response, such as infection or inflammation.
- Hematocrit: 38.8 % - Red blood cell production and oxygen-carrying capacity appear generally within the expected range.
- Hemoglobin: 13.2 g/dL - Oxygen-carrying protein in the blood appears generally within the expected range.
- Lymphocytes: 1.0 % - May reflect an immune response, such as infection or inflammation.
- MCH: 31.7 pg - Red blood cell production and oxygen-carrying capacity appear generally within the expected range.
- MCHC: 34.1 % - Red blood cell production and oxygen-carrying capacity appear generally within the expected range.
- MCV: 93.0 fL - Red blood cell size and production appear generally within the expected range.
- Monocytes: 4.0 % - Immune response appears generally within the expected range.
- Myelocytes: 3.0 % - May reflect an immune response, such as infection or inflammation.
- Neutrophils: 84.0 % - May reflect an immune response, such as infection or inflammation.
- Platelet Count: 171.0 K/uL - Blood clotting appears generally within the expected range.
- RDW: 15.5 % - Red blood cell size and production appear generally within the expected range.
- Red Blood Cells: 4.17 m/uL - May reflect changes in red blood cell production or destruction.
- White Blood Cells: 6.5 K/uL - Immune response appears generally within the expected range.

General Overview: The results show some variations in blood sugar levels, immune response, and red blood cell production, which may reflect underlying physiological changes or responses to infection or inflammation.","You are writing patient-friendly explanations of laboratory test results.


Patient information:
- Sex: Female

Task:
For each blood test result, write exactly one very short sentence explaining what this result may suggest in the body.

Return the answer in exactly this format:

- Test Name: value unit - one short explanation.
- Test Name: value unit - one short explanation.

General Overview: one short paragraph summarizing the overall pattern.

Strict rules:
- Use one bullet line per test.
- Keep the tests in the same order as the input.
- Each bullet must follow exactly this pattern:
  - Test Name: value unit - Explanation.
- Include the test name, value, and unit exactly as given.
- Write only one sentence after the dash.
- Keep each explanation under 18 words.
- Use simple language for a non-medical reader.
- Use cautious wording such as ""may suggest"", ""can suggest"", ""may reflect"", or ""appears"".
- If the result is normal, say what body function appears generally within the expected range.
- If the result is abnormal, explain the possible body system involved.
- Do not diagnose diseases.
- Do not recommend treatment.
- Do not say the body ""is"" damaged, failing, or diseased.
- End with exactly one paragraph starting with:
  General Overview:
- Do not add any other headers, numbering, markdown tables, or extra text.

Example output style:
- Hemoglobin: 10.5 g/dL - May reflect a lower amount of oxygen-carrying protein in the blood.
- White Blood Cells: 12.0 K/uL - Can suggest an immune response, such as infection or inflammation.

General Overview: The results show ...

BLOOD TEST RESULTS:

- Alanine Aminotransferase (ALT): 14.0 IU/L [normal]
- Alkaline Phosphatase: 77.0 IU/L [normal]
- Anion Gap: 17.0 mEq/L [normal]
- Asparate Aminotransferase (AST): 16.0 IU/L [normal]
- Bicarbonate: 28.0 mEq/L [normal]
- Bilirubin, Total: 0.7 mg/dL [normal]
- Chloride: 97.0 mEq/L [normal]
- Creatinine: 0.7 mg/dL [normal]
- Glucose: 111.0 mg/dL [abnormal]
- Potassium: 3.4 mEq/L [normal]
- Sodium: 139.0 mEq/L [normal]
- Thyroid Stimulating Hormone: 0.8 uIU/mL [normal]
- Thyroxine (T4), Free: 1.6 ng/dL [normal]
- Urea Nitrogen: 14.0 mg/dL [normal]
- Atypical Lymphocytes: 2.0 % [abnormal]
- Bands: 6.0 % [abnormal]
- Hematocrit: 38.8 % [normal]
- Hemoglobin: 13.2 g/dL [normal]
- Lymphocytes: 1.0 % [abnormal]
- MCH: 31.7 pg [normal]
- MCHC: 34.1 % [normal]
- MCV: 93.0 fL [normal]
- Monocytes: 4.0 % [normal]
- Myelocytes: 3.0 % [abnormal]
- Neutrophils: 84.0 % [abnormal]
- Platelet Count: 171.0 K/uL [normal]
- RDW: 15.5 % [normal]
- Red Blood Cells: 4.17 m/uL [abnormal]
- White Blood Cells: 6.5 K/uL [normal]","meta/llama-3.1-70b-instruct","2026-05-23 19:12:56.424951"
